# epoch lr l_tot l_pos l_el [binned total loss (x10)] [binned position loss (x10)] [binned element loss (x10)]
     0 0.00100000 1.0350 0.9589 0.1521    1.0492 1.0025 1.0875 1.0794 1.0539 1.0300 1.0185 1.0169 1.0069 1.0028    0.8536 0.8482 0.9442 0.9842 0.9883 0.9895 0.9922 0.9967 0.9945 0.9913    0.3912 0.3086 0.2867 0.1904 0.1312 0.0810 0.0526 0.0405 0.0250 0.0230
     1 0.00100000 0.9483 0.9059 0.0848    0.7563 0.6764 0.9314 1.0420 1.0433 1.0247 1.0163 1.0037 0.9991 0.9967    0.6895 0.6184 0.8326 0.9605 0.9893 0.9915 0.9966 0.9928 0.9935 0.9934    0.1336 0.1159 0.1975 0.1631 0.1080 0.0663 0.0393 0.0219 0.0113 0.0067
     2 0.00100000 0.9268 0.8897 0.0743    0.7038 0.5914 0.8718 1.0236 1.0360 1.0243 1.0135 1.0032 1.0000 0.9948    0.6611 0.5501 0.7825 0.9446 0.9836 0.9917 0.9944 0.9929 0.9951 0.9920    0.0855 0.0825 0.1786 0.1580 0.1049 0.0652 0.0381 0.0206 0.0099 0.0056
     3 0.00100000 0.9115 0.8766 0.0698    0.6567 0.5385 0.8197 1.0157 1.0333 1.0200 1.0130 1.0043 0.9995 0.9948    0.6245 0.5018 0.7365 0.9384 0.9814 0.9879 0.9946 0.9945 0.9949 0.9925    0.0645 0.0734 0.1664 0.1546 0.1038 0.0642 0.0368 0.0197 0.0092 0.0047
     4 0.00100000 0.8990 0.8663 0.0655    0.6334 0.5108 0.7842 0.9984 1.0297 1.0222 1.0081 1.0065 0.9985 0.9989    0.6057 0.4788 0.7047 0.9232 0.9786 0.9908 0.9902 0.9970 0.9942 0.9970    0.0554 0.0640 0.1591 0.1504 0.1023 0.0628 0.0359 0.0190 0.0086 0.0039
     5 0.00100000 0.8943 0.8623 0.0641    0.6293 0.4888 0.7555 0.9978 1.0311 1.0181 1.0074 1.0009 0.9967 1.0001    0.6055 0.4606 0.6808 0.9230 0.9792 0.9870 0.9891 0.9914 0.9922 0.9980    0.0477 0.0564 0.1494 0.1496 0.1037 0.0622 0.0365 0.0191 0.0089 0.0043
     6 0.00100000 0.8877 0.8564 0.0626    0.6144 0.4773 0.7420 0.9898 1.0234 1.0166 1.0091 1.0051 0.9990 0.9991    0.5895 0.4528 0.6700 0.9163 0.9724 0.9851 0.9910 0.9956 0.9949 0.9974    0.0498 0.0492 0.1439 0.1470 0.1020 0.0629 0.0362 0.0190 0.0082 0.0035
     7 0.00100000 0.8854 0.8554 0.0600    0.6124 0.4666 0.7272 0.9907 1.0301 1.0252 1.0082 1.0039 0.9979 0.9954    0.5909 0.4455 0.6579 0.9174 0.9786 0.9937 0.9904 0.9946 0.9939 0.9938    0.0431 0.0422 0.1386 0.1466 0.1030 0.0628 0.0356 0.0186 0.0080 0.0032
     8 0.00100000 0.8770 0.8478 0.0584    0.5812 0.4508 0.7125 0.9816 1.0279 1.0204 1.0089 1.0007 0.9988 0.9969    0.5634 0.4319 0.6453 0.9079 0.9766 0.9894 0.9911 0.9916 0.9951 0.9955    0.0357 0.0377 0.1343 0.1474 0.1025 0.0619 0.0358 0.0183 0.0074 0.0028
     9 0.00100000 0.8753 0.8461 0.0584    0.5775 0.4492 0.7094 0.9771 1.0249 1.0210 1.0094 1.0019 0.9978 0.9942    0.5599 0.4299 0.6438 0.9040 0.9738 0.9900 0.9918 0.9930 0.9941 0.9928    0.0351 0.0386 0.1312 0.1461 0.1022 0.0621 0.0353 0.0178 0.0075 0.0028
    10 0.00100000 0.8715 0.8434 0.0561    0.5524 0.4369 0.6995 0.9742 1.0307 1.0142 1.0105 1.0010 0.9978 0.9976    0.5383 0.4207 0.6353 0.9023 0.9801 0.9833 0.9933 0.9920 0.9942 0.9963    0.0282 0.0325 0.1285 0.1439 0.1011 0.0618 0.0344 0.0178 0.0071 0.0025
    11 0.00100000 0.8740 0.8456 0.0568    0.5544 0.4314 0.6958 0.9765 1.0246 1.0224 1.0102 0.9990 0.9934 0.9895    0.5380 0.4152 0.6310 0.9038 0.9739 0.9911 0.9929 0.9902 0.9897 0.9882    0.0328 0.0324 0.1296 0.1453 0.1014 0.0626 0.0346 0.0176 0.0075 0.0026
    12 0.00100000 0.8654 0.8370 0.0569    0.5467 0.4269 0.6830 0.9746 1.0222 1.0202 1.0090 0.9999 0.9920 0.9946    0.5322 0.4102 0.6189 0.9021 0.9716 0.9890 0.9916 0.9910 0.9882 0.9933    0.0291 0.0334 0.1283 0.1449 0.1012 0.0625 0.0347 0.0178 0.0075 0.0026
    13 0.00100000 0.8717 0.8439 0.0556    0.5591 0.4219 0.6783 0.9732 1.0243 1.0172 1.0070 1.0031 0.9962 0.9990    0.5425 0.4054 0.6150 0.9011 0.9739 0.9866 0.9895 0.9943 0.9926 0.9978    0.0332 0.0330 0.1264 0.1444 0.1009 0.0613 0.0349 0.0176 0.0072 0.0024
    14 0.00100000 0.8645 0.8369 0.0552    0.5476 0.4173 0.6785 0.9669 1.0282 1.0189 1.0136 1.0020 0.9952 0.9971    0.5342 0.4021 0.6154 0.8953 0.9781 0.9882 0.9962 0.9932 0.9917 0.9960    0.0268 0.0304 0.1262 0.1431 0.1002 0.0615 0.0347 0.0176 0.0070 0.0022
    15 0.00100000 0.8710 0.8433 0.0554    0.5452 0.4148 0.6748 0.9676 1.0270 1.0158 1.0079 1.0040 0.9945 0.9947    0.5322 0.4009 0.6156 0.8959 0.9767 0.9850 0.9904 0.9952 0.9910 0.9936    0.0260 0.0279 0.1183 0.1434 0.1005 0.0616 0.0350 0.0175 0.0070 0.0022
    16 0.00100000 0.8573 0.8316 0.0515    0.5381 0.4048 0.6344 0.9568 1.0250 1.0196 1.0039 0.9963 1.0001 0.9939    0.5263 0.3939 0.5834 0.8875 0.9745 0.9888 0.9862 0.9877 0.9965 0.9928    0.0237 0.0217 0.1020 0.1386 0.1010 0.0617 0.0353 0.0172 0.0071 0.0021
    17 0.00100000 0.8562 0.8317 0.0490    0.5343 0.4038 0.6350 0.9532 1.0228 1.0180 1.0078 1.0003 0.9982 0.9947    0.5227 0.3944 0.5856 0.8843 0.9724 0.9870 0.9903 0.9917 0.9948 0.9937    0.0231 0.0188 0.0988 0.1378 0.1007 0.0618 0.0350 0.0173 0.0068 0.0021
    18 0.00100000 0.8582 0.8331 0.0503    0.5404 0.3996 0.6368 0.9570 1.0269 1.0184 1.0055 1.0013 0.9948 0.9944    0.5297 0.3907 0.5867 0.8880 0.9766 0.9876 0.9883 0.9926 0.9914 0.9934    0.0213 0.0177 0.1002 0.1380 0.1006 0.0616 0.0345 0.0175 0.0068 0.0020
    19 0.00100000 0.8552 0.8303 0.0496    0.5359 0.4001 0.6322 0.9500 1.0261 1.0182 1.0116 1.0002 0.9948 0.9998    0.5238 0.3913 0.5839 0.8811 0.9758 0.9878 0.9943 0.9914 0.9912 0.9988    0.0242 0.0176 0.0965 0.1377 0.1005 0.0610 0.0346 0.0176 0.0070 0.0021
    20 0.00100000 0.8541 0.8289 0.0504    0.5254 0.3951 0.6177 0.9537 1.0270 1.0211 1.0061 1.0015 0.9971 0.9922    0.5147 0.3874 0.5718 0.8850 0.9765 0.9901 0.9889 0.9930 0.9937 0.9912    0.0213 0.0154 0.0917 0.1374 0.1011 0.0620 0.0346 0.0171 0.0068 0.0019
    21 0.00100000 0.8500 0.8261 0.0478    0.5279 0.3961 0.6153 0.9470 1.0229 1.0195 1.0068 0.9982 0.9966 0.9941    0.5165 0.3877 0.5698 0.8787 0.9726 0.9887 0.9896 0.9895 0.9930 0.9931    0.0227 0.0168 0.0910 0.1366 0.1007 0.0616 0.0345 0.0173 0.0071 0.0020
    22 0.00100000 0.8558 0.8316 0.0484    0.5281 0.3921 0.6173 0.9513 1.0219 1.0195 1.0060 1.0011 1.0002 0.9949    0.5178 0.3841 0.5715 0.8837 0.9715 0.9889 0.9888 0.9926 0.9968 0.9940    0.0205 0.0160 0.0916 0.1351 0.1008 0.0612 0.0345 0.0169 0.0068 0.0019
    23 0.00100000 0.8490 0.8250 0.0480    0.5254 0.3901 0.6125 0.9454 1.0233 1.0170 1.0131 1.0029 0.9940 0.9953    0.5150 0.3828 0.5677 0.8775 0.9727 0.9858 0.9959 0.9943 0.9906 0.9942    0.0207 0.0146 0.0896 0.1358 0.1011 0.0625 0.0345 0.0174 0.0068 0.0020
    24 0.00100000 0.8531 0.8291 0.0480    0.5253 0.3918 0.6175 0.9502 1.0240 1.0180 1.0089 1.0046 0.9972 0.9975    0.5154 0.3843 0.5729 0.8828 0.9744 0.9876 0.9916 0.9961 0.9939 0.9966    0.0199 0.0149 0.0893 0.1348 0.0991 0.0609 0.0347 0.0170 0.0067 0.0019
    25 0.00100000 0.8497 0.8254 0.0485    0.5318 0.3862 0.6004 0.9412 1.0246 1.0214 1.0052 1.0038 0.9954 0.9945    0.5219 0.3800 0.5579 0.8741 0.9741 0.9905 0.9880 0.9953 0.9921 0.9935    0.0197 0.0124 0.0850 0.1342 0.1010 0.0618 0.0343 0.0170 0.0067 0.0020
    26 0.00100000 0.8492 0.8254 0.0477    0.5234 0.3875 0.5977 0.9419 1.0228 1.0190 1.0107 1.0048 0.9947 0.9941    0.5134 0.3804 0.5562 0.8750 0.9725 0.9881 0.9936 0.9961 0.9912 0.9931    0.0201 0.0142 0.0830 0.1336 0.1006 0.0617 0.0342 0.0173 0.0069 0.0019
    27 0.00100000 0.8469 0.8229 0.0480    0.5199 0.3886 0.5924 0.9445 1.0244 1.0200 1.0090 1.0019 0.9992 0.9979    0.5110 0.3823 0.5515 0.8776 0.9742 0.9891 0.9919 0.9935 0.9958 0.9970    0.0178 0.0126 0.0818 0.1338 0.1005 0.0618 0.0343 0.0168 0.0068 0.0018
    28 0.00100000 0.8486 0.8259 0.0454    0.5354 0.3889 0.5853 0.9397 1.0199 1.0151 1.0109 1.0033 0.9977 0.9929    0.5267 0.3824 0.5455 0.8729 0.9694 0.9844 0.9937 0.9949 0.9944 0.9920    0.0174 0.0131 0.0796 0.1335 0.1009 0.0614 0.0345 0.0168 0.0067 0.0018
    29 0.00100000 0.8496 0.8262 0.0469    0.5275 0.3863 0.5906 0.9310 1.0232 1.0176 1.0076 1.0020 0.9972 0.9932    0.5172 0.3793 0.5505 0.8650 0.9733 0.9869 0.9903 0.9934 0.9938 0.9923    0.0205 0.0141 0.0800 0.1320 0.0999 0.0615 0.0347 0.0171 0.0068 0.0018
    30 0.00100000 0.8525 0.8286 0.0477    0.5163 0.3836 0.5875 0.9397 1.0230 1.0183 1.0038 1.0028 0.9997 0.9947    0.5080 0.3777 0.5476 0.8730 0.9726 0.9875 0.9863 0.9943 0.9962 0.9938    0.0166 0.0118 0.0798 0.1333 0.1009 0.0615 0.0350 0.0170 0.0068 0.0017
    31 0.00100000 0.8499 0.8267 0.0464    0.5211 0.3840 0.5872 0.9331 1.0260 1.0164 1.0078 1.0002 1.0001 0.9929    0.5112 0.3772 0.5473 0.8670 0.9756 0.9859 0.9910 0.9916 0.9966 0.9920    0.0198 0.0135 0.0799 0.1321 0.1008 0.0610 0.0336 0.0172 0.0070 0.0019
    32 0.00100000 0.8493 0.8260 0.0466    0.5162 0.3834 0.5834 0.9387 1.0209 1.0194 1.0073 1.0045 0.9942 0.9969    0.5073 0.3773 0.5442 0.8728 0.9712 0.9888 0.9903 0.9960 0.9909 0.9960    0.0179 0.0121 0.0785 0.1318 0.0994 0.0613 0.0339 0.0170 0.0066 0.0018
    33 0.00100000 0.8426 0.8199 0.0453    0.5108 0.3828 0.5808 0.9385 1.0202 1.0221 1.0043 1.0053 0.9993 0.9937    0.5031 0.3767 0.5420 0.8725 0.9703 0.9911 0.9873 0.9970 0.9959 0.9928    0.0154 0.0123 0.0775 0.1321 0.0997 0.0619 0.0339 0.0167 0.0069 0.0017
    34 0.00100000 0.8466 0.8239 0.0455    0.5203 0.3794 0.5805 0.9428 1.0212 1.0179 1.0086 1.0000 0.9976 0.9973    0.5129 0.3734 0.5418 0.8772 0.9718 0.9871 0.9913 0.9915 0.9944 0.9964    0.0148 0.0119 0.0774 0.1312 0.0989 0.0615 0.0346 0.0170 0.0065 0.0018
    35 0.00100000 0.8428 0.8198 0.0460    0.5199 0.3802 0.5753 0.9264 1.0230 1.0190 1.0057 1.0016 0.9946 0.9945    0.5102 0.3742 0.5378 0.8608 0.9724 0.9882 0.9886 0.9930 0.9912 0.9935    0.0195 0.0119 0.0750 0.1311 0.1011 0.0617 0.0343 0.0170 0.0067 0.0019
    36 0.00100000 0.8460 0.8226 0.0467    0.5269 0.3772 0.5865 0.9286 1.0231 1.0203 1.0113 1.0008 0.9992 0.9957    0.5173 0.3716 0.5464 0.8633 0.9735 0.9894 0.9941 0.9922 0.9958 0.9948    0.0192 0.0112 0.0802 0.1305 0.0992 0.0617 0.0344 0.0171 0.0067 0.0018
    37 0.00100000 0.8545 0.8314 0.0462    0.5128 0.3794 0.5765 0.9346 1.0201 1.0196 1.0095 0.9975 1.0020 0.9955    0.5035 0.3735 0.5383 0.8696 0.9706 0.9892 0.9925 0.9890 0.9987 0.9947    0.0185 0.0119 0.0765 0.1301 0.0989 0.0610 0.0342 0.0170 0.0067 0.0018
    38 0.00100000 0.8474 0.8246 0.0457    0.5195 0.3801 0.5902 0.9326 1.0218 1.0163 1.0121 1.0005 0.9995 0.9955    0.5114 0.3738 0.5508 0.8668 0.9719 0.9859 0.9952 0.9920 0.9963 0.9947    0.0163 0.0125 0.0788 0.1315 0.0998 0.0610 0.0338 0.0170 0.0065 0.0017
    39 0.00100000 0.8434 0.8210 0.0448    0.5118 0.3784 0.5699 0.9397 1.0247 1.0221 1.0098 1.0004 0.9949 0.9963    0.5054 0.3729 0.5323 0.8739 0.9748 0.9913 0.9928 0.9919 0.9916 0.9954    0.0126 0.0110 0.0751 0.1315 0.0997 0.0616 0.0341 0.0171 0.0067 0.0017
    40 0.00100000 0.8477 0.8258 0.0439    0.5123 0.3794 0.5626 0.9357 1.0229 1.0179 1.0102 0.9998 0.9968 0.9928    0.5040 0.3742 0.5265 0.8700 0.9727 0.9876 0.9931 0.9913 0.9934 0.9920    0.0165 0.0103 0.0722 0.1315 0.1005 0.0605 0.0342 0.0170 0.0066 0.0016
    41 0.00100000 0.8450 0.8222 0.0456    0.5178 0.3782 0.5827 0.9315 1.0192 1.0175 1.0095 0.9970 0.9957 0.9968    0.5101 0.3729 0.5441 0.8657 0.9692 0.9867 0.9925 0.9885 0.9923 0.9959    0.0155 0.0105 0.0771 0.1315 0.1001 0.0615 0.0341 0.0171 0.0068 0.0018
    42 0.00100000 0.8431 0.8206 0.0451    0.5071 0.3778 0.5618 0.9282 1.0179 1.0178 1.0064 1.0020 0.9959 0.9966    0.5010 0.3728 0.5258 0.8630 0.9683 0.9872 0.9892 0.9936 0.9927 0.9958    0.0123 0.0100 0.0720 0.1302 0.0992 0.0613 0.0343 0.0168 0.0064 0.0016
    43 0.00100000 0.8386 0.8166 0.0439    0.5070 0.3766 0.5685 0.9301 1.0215 1.0188 1.0093 0.9971 0.9965 0.9954    0.5003 0.3716 0.5315 0.8650 0.9718 0.9879 0.9921 0.9886 0.9932 0.9946    0.0134 0.0100 0.0738 0.1302 0.0995 0.0617 0.0345 0.0169 0.0065 0.0016
    44 0.00100000 0.8369 0.8143 0.0451    0.5124 0.3737 0.5613 0.9303 1.0191 1.0170 1.0110 1.0013 0.9977 0.9964    0.5040 0.3685 0.5251 0.8654 0.9691 0.9864 0.9936 0.9928 0.9945 0.9955    0.0168 0.0104 0.0725 0.1299 0.1000 0.0612 0.0347 0.0170 0.0064 0.0018
    45 0.00100000 0.8414 0.8189 0.0450    0.5128 0.3768 0.5599 0.9270 1.0212 1.0154 1.0096 0.9994 0.9967 0.9925    0.5062 0.3713 0.5246 0.8620 0.9714 0.9850 0.9926 0.9907 0.9934 0.9916    0.0132 0.0111 0.0706 0.1300 0.0997 0.0608 0.0339 0.0173 0.0067 0.0018
    46 0.00100000 0.8450 0.8220 0.0460    0.5224 0.3751 0.5575 0.9357 1.0224 1.0218 1.0077 1.0035 0.9942 0.9952    0.5135 0.3696 0.5221 0.8705 0.9724 0.9908 0.9905 0.9951 0.9908 0.9943    0.0177 0.0109 0.0707 0.1304 0.0999 0.0620 0.0345 0.0169 0.0068 0.0019
    47 0.00100000 0.8412 0.8190 0.0443    0.5189 0.3792 0.5589 0.9233 1.0207 1.0194 1.0147 1.0001 0.9977 0.9946    0.5129 0.3742 0.5236 0.8585 0.9710 0.9891 0.9977 0.9917 0.9944 0.9939    0.0121 0.0100 0.0706 0.1295 0.0995 0.0605 0.0339 0.0169 0.0065 0.0016
    48 0.00100000 0.8415 0.8191 0.0447    0.5100 0.3790 0.5634 0.9241 1.0212 1.0214 1.0089 1.0016 0.9972 0.9958    0.5025 0.3737 0.5268 0.8597 0.9710 0.9910 0.9917 0.9931 0.9939 0.9950    0.0151 0.0105 0.0732 0.1287 0.1004 0.0608 0.0345 0.0169 0.0067 0.0017
    49 0.00100000 0.8452 0.8228 0.0447    0.5067 0.3754 0.5512 0.9231 1.0214 1.0222 1.0143 0.9990 0.9953 0.9945    0.4996 0.3705 0.5164 0.8582 0.9710 0.9917 0.9972 0.9906 0.9919 0.9937    0.0140 0.0097 0.0696 0.1297 0.1007 0.0611 0.0342 0.0168 0.0067 0.0016
    50 0.00100000 0.8402 0.8185 0.0433    0.5012 0.3739 0.5574 0.9248 1.0199 1.0159 1.0090 1.0015 0.9996 0.9941    0.4957 0.3687 0.5220 0.8607 0.9699 0.9856 0.9919 0.9930 0.9962 0.9933    0.0111 0.0104 0.0707 0.1283 0.0999 0.0606 0.0342 0.0171 0.0066 0.0015
    51 0.00100000 0.8404 0.8186 0.0435    0.5116 0.3732 0.5478 0.9257 1.0203 1.0151 1.0059 1.0022 0.9939 0.9949    0.5054 0.3684 0.5136 0.8610 0.9706 0.9845 0.9891 0.9937 0.9907 0.9941    0.0124 0.0096 0.0685 0.1295 0.0995 0.0614 0.0336 0.0168 0.0065 0.0016
    52 0.00100000 0.8429 0.8208 0.0442    0.5255 0.3734 0.5510 0.9200 1.0217 1.0209 1.0058 0.9977 0.9945 0.9937    0.5159 0.3680 0.5162 0.8556 0.9717 0.9901 0.9887 0.9891 0.9912 0.9928    0.0192 0.0109 0.0697 0.1288 0.1001 0.0616 0.0341 0.0172 0.0067 0.0019
    53 0.00100000 0.8431 0.8212 0.0439    0.5147 0.3729 0.5500 0.9173 1.0235 1.0148 1.0056 1.0000 0.9973 0.9954    0.5078 0.3681 0.5157 0.8535 0.9732 0.9842 0.9886 0.9916 0.9940 0.9946    0.0139 0.0097 0.0684 0.1275 0.1006 0.0612 0.0341 0.0168 0.0066 0.0017
    54 0.00100000 0.8397 0.8175 0.0445    0.5086 0.3726 0.5521 0.9253 1.0258 1.0164 1.0092 1.0010 0.9966 0.9938    0.5020 0.3677 0.5178 0.8607 0.9761 0.9857 0.9920 0.9927 0.9933 0.9930    0.0133 0.0098 0.0687 0.1291 0.0994 0.0614 0.0345 0.0165 0.0065 0.0016
    55 0.00100000 0.8421 0.8197 0.0448    0.5160 0.3705 0.5609 0.9211 1.0206 1.0177 1.0109 0.9992 0.9995 0.9914    0.5087 0.3651 0.5251 0.8564 0.9704 0.9873 0.9937 0.9908 0.9961 0.9906    0.0147 0.0108 0.0715 0.1294 0.1003 0.0609 0.0346 0.0168 0.0067 0.0016
    56 0.00100000 0.8415 0.8198 0.0432    0.5097 0.3728 0.5550 0.9227 1.0218 1.0218 1.0075 1.0016 0.9976 0.9925    0.5039 0.3677 0.5207 0.8588 0.9722 0.9915 0.9904 0.9934 0.9943 0.9917    0.0116 0.0101 0.0686 0.1278 0.0992 0.0606 0.0342 0.0165 0.0067 0.0017
    57 0.00100000 0.8359 0.8141 0.0436    0.5128 0.3737 0.5456 0.9220 1.0196 1.0194 1.0098 0.9987 0.9971 0.9958    0.5062 0.3689 0.5122 0.8581 0.9699 0.9884 0.9928 0.9903 0.9938 0.9950    0.0131 0.0097 0.0668 0.1277 0.0993 0.0618 0.0341 0.0168 0.0067 0.0016
    58 0.00100000 0.8383 0.8164 0.0438    0.5098 0.3713 0.5435 0.9124 1.0238 1.0197 1.0086 0.9989 0.9944 0.9928    0.5029 0.3665 0.5102 0.8488 0.9744 0.9890 0.9916 0.9904 0.9911 0.9920    0.0137 0.0095 0.0666 0.1272 0.0989 0.0613 0.0340 0.0168 0.0066 0.0016
    59 0.00100000 0.8383 0.8164 0.0437    0.5131 0.3707 0.5355 0.9154 1.0221 1.0106 1.0128 1.0052 0.9960 0.9948    0.5074 0.3660 0.5024 0.8516 0.9723 0.9799 0.9955 0.9969 0.9928 0.9940    0.0114 0.0095 0.0662 0.1278 0.0997 0.0615 0.0345 0.0165 0.0066 0.0016
    60 0.00100000 0.8404 0.8188 0.0433    0.5039 0.3698 0.5465 0.9258 1.0216 1.0190 1.0052 0.9996 1.0000 0.9965    0.4984 0.3649 0.5126 0.8616 0.9717 0.9887 0.9883 0.9911 0.9968 0.9957    0.0109 0.0098 0.0677 0.1284 0.0997 0.0607 0.0338 0.0171 0.0065 0.0015
    61 0.00100000 0.8424 0.8206 0.0436    0.5189 0.3705 0.5437 0.9122 1.0190 1.0182 1.0103 1.0006 0.9984 0.9928    0.5128 0.3661 0.5101 0.8486 0.9688 0.9879 0.9931 0.9921 0.9951 0.9919    0.0122 0.0090 0.0673 0.1272 0.1003 0.0607 0.0343 0.0170 0.0067 0.0017
    62 0.00100000 0.8371 0.8158 0.0425    0.5059 0.3677 0.5438 0.9148 1.0177 1.0175 1.0061 1.0017 0.9996 0.9899    0.5002 0.3631 0.5104 0.8511 0.9680 0.9870 0.9891 0.9932 0.9963 0.9892    0.0112 0.0091 0.0667 0.1275 0.0995 0.0609 0.0340 0.0170 0.0066 0.0015
    63 0.00100000 0.8333 0.8116 0.0436    0.5141 0.3674 0.5384 0.9130 1.0221 1.0167 1.0086 1.0001 0.9975 0.9946    0.5084 0.3624 0.5063 0.8495 0.9723 0.9860 0.9914 0.9916 0.9942 0.9937    0.0115 0.0100 0.0640 0.1271 0.0996 0.0613 0.0343 0.0168 0.0066 0.0017
    64 0.00100000 0.8344 0.8127 0.0435    0.5032 0.3704 0.5440 0.9084 1.0214 1.0135 1.0103 1.0031 0.9962 0.9936    0.4979 0.3658 0.5102 0.8445 0.9717 0.9828 0.9934 0.9946 0.9930 0.9929    0.0106 0.0093 0.0677 0.1278 0.0993 0.0613 0.0340 0.0169 0.0064 0.0015
    65 0.00100000 0.8361 0.8145 0.0433    0.5021 0.3687 0.5424 0.9125 1.0209 1.0157 1.0129 1.0057 0.9975 0.9940    0.4969 0.3645 0.5089 0.8490 0.9704 0.9850 0.9958 0.9972 0.9942 0.9931    0.0104 0.0085 0.0671 0.1269 0.1009 0.0613 0.0341 0.0171 0.0067 0.0017
    66 0.00100000 0.8374 0.8159 0.0430    0.5106 0.3672 0.5323 0.9183 1.0261 1.0172 1.0136 1.0036 0.9997 0.9927    0.5042 0.3628 0.5003 0.8548 0.9761 0.9869 0.9964 0.9951 0.9965 0.9919    0.0129 0.0089 0.0641 0.1270 0.1000 0.0607 0.0344 0.0170 0.0065 0.0016
    67 0.00100000 0.8414 0.8196 0.0437    0.5024 0.3682 0.5434 0.9168 1.0240 1.0214 1.0095 1.0040 1.0012 0.9943    0.4969 0.3638 0.5104 0.8527 0.9741 0.9907 0.9924 0.9955 0.9980 0.9936    0.0111 0.0088 0.0660 0.1281 0.0998 0.0613 0.0343 0.0169 0.0064 0.0015
    68 0.00100000 0.8335 0.8118 0.0434    0.5074 0.3689 0.5390 0.9232 1.0206 1.0204 1.0096 0.9995 0.9989 0.9941    0.5021 0.3643 0.5055 0.8595 0.9707 0.9899 0.9923 0.9911 0.9957 0.9933    0.0105 0.0091 0.0671 0.1274 0.0998 0.0608 0.0347 0.0168 0.0066 0.0016
    69 0.00100000 0.8372 0.8155 0.0436    0.5077 0.3656 0.5412 0.9195 1.0236 1.0148 1.0070 1.0045 0.9974 0.9976    0.5026 0.3612 0.5083 0.8561 0.9739 0.9842 0.9899 0.9960 0.9941 0.9968    0.0103 0.0087 0.0657 0.1268 0.0995 0.0611 0.0343 0.0170 0.0066 0.0016
    70 0.00100000 0.8411 0.8189 0.0443    0.5078 0.3664 0.5475 0.9144 1.0176 1.0188 1.0037 0.9960 0.9982 0.9999    0.5010 0.3616 0.5138 0.8505 0.9677 0.9884 0.9870 0.9875 0.9949 0.9990    0.0135 0.0096 0.0673 0.1277 0.0997 0.0609 0.0335 0.0170 0.0066 0.0017
    71 0.00100000 0.8347 0.8133 0.0428    0.5066 0.3709 0.5413 0.9106 1.0198 1.0215 1.0097 0.9977 0.9962 0.9979    0.5015 0.3664 0.5084 0.8475 0.9706 0.9909 0.9926 0.9893 0.9929 0.9971    0.0103 0.0090 0.0659 0.1261 0.0984 0.0613 0.0343 0.0169 0.0065 0.0015
    72 0.00100000 0.8316 0.8104 0.0423    0.4997 0.3651 0.5396 0.9158 1.0179 1.0161 1.0076 0.9975 0.9946 0.9943    0.4951 0.3607 0.5064 0.8516 0.9684 0.9849 0.9903 0.9891 0.9913 0.9935    0.0091 0.0088 0.0663 0.1284 0.0990 0.0623 0.0345 0.0167 0.0066 0.0015
    73 0.00100000 0.8365 0.8149 0.0432    0.5060 0.3633 0.5429 0.9094 1.0173 1.0183 1.0070 1.0023 0.9986 0.9924    0.5002 0.3594 0.5094 0.8462 0.9676 0.9877 0.9900 0.9940 0.9954 0.9916    0.0117 0.0080 0.0669 0.1265 0.0994 0.0613 0.0341 0.0166 0.0065 0.0016
    74 0.00100000 0.8356 0.8143 0.0426    0.5126 0.3685 0.5417 0.9115 1.0222 1.0180 1.0082 1.0052 0.9950 0.9948    0.5067 0.3634 0.5078 0.8483 0.9724 0.9875 0.9912 0.9967 0.9918 0.9940    0.0117 0.0101 0.0678 0.1264 0.0995 0.0610 0.0341 0.0169 0.0064 0.0015
    75 0.00100000 0.8353 0.8137 0.0432    0.5086 0.3674 0.5407 0.9204 1.0219 1.0144 1.0116 1.0057 0.9979 0.9947    0.5037 0.3630 0.5078 0.8572 0.9719 0.9839 0.9944 0.9972 0.9946 0.9940    0.0099 0.0088 0.0659 0.1264 0.0999 0.0610 0.0344 0.0169 0.0065 0.0014
    76 0.00100000 0.8424 0.8208 0.0432    0.5112 0.3656 0.5430 0.9096 1.0203 1.0187 1.0091 1.0015 0.9983 0.9946    0.5052 0.3614 0.5090 0.8465 0.9708 0.9881 0.9917 0.9930 0.9950 0.9937    0.0120 0.0085 0.0680 0.1262 0.0989 0.0611 0.0347 0.0168 0.0065 0.0017
    77 0.00100000 0.8376 0.8159 0.0434    0.5117 0.3657 0.5336 0.9143 1.0204 1.0164 1.0121 0.9998 0.9985 0.9962    0.5061 0.3613 0.5018 0.8510 0.9704 0.9859 0.9951 0.9914 0.9953 0.9955    0.0113 0.0088 0.0636 0.1267 0.1000 0.0611 0.0340 0.0167 0.0064 0.0015
    78 0.00100000 0.8292 0.8083 0.0419    0.5045 0.3674 0.5268 0.9082 1.0223 1.0191 1.0135 0.9990 0.9964 0.9991    0.4995 0.3631 0.4953 0.8446 0.9725 0.9885 0.9964 0.9906 0.9932 0.9983    0.0099 0.0086 0.0631 0.1271 0.0996 0.0613 0.0342 0.0168 0.0064 0.0016
    79 0.00100000 0.8342 0.8127 0.0431    0.5107 0.3689 0.5324 0.9100 1.0157 1.0189 1.0110 1.0006 0.9928 0.9920    0.5056 0.3643 0.5002 0.8474 0.9662 0.9883 0.9939 0.9923 0.9896 0.9912    0.0101 0.0092 0.0643 0.1251 0.0990 0.0612 0.0343 0.0167 0.0065 0.0015
    80 0.00100000 0.8367 0.8156 0.0422    0.5028 0.3653 0.5310 0.9130 1.0198 1.0166 1.0096 1.0023 0.9987 0.9917    0.4981 0.3615 0.4989 0.8499 0.9699 0.9864 0.9926 0.9939 0.9954 0.9910    0.0094 0.0076 0.0642 0.1262 0.0997 0.0604 0.0340 0.0169 0.0065 0.0014
    81 0.00100000 0.8357 0.8145 0.0424    0.5128 0.3656 0.5358 0.9102 1.0219 1.0170 1.0087 1.0038 0.9962 0.9924    0.5080 0.3615 0.5030 0.8470 0.9726 0.9869 0.9917 0.9955 0.9929 0.9916    0.0097 0.0080 0.0654 0.1265 0.0987 0.0601 0.0338 0.0166 0.0066 0.0015
    82 0.00100000 0.8359 0.8143 0.0431    0.5180 0.3649 0.5335 0.9076 1.0198 1.0175 1.0107 1.0084 1.0014 0.9962    0.5127 0.3604 0.5011 0.8448 0.9703 0.9870 0.9935 1.0000 0.9982 0.9955    0.0106 0.0091 0.0648 0.1256 0.0989 0.0609 0.0343 0.0167 0.0063 0.0015
    83 0.00100000 0.8408 0.8192 0.0432    0.5135 0.3662 0.5298 0.9105 1.0191 1.0147 1.0087 1.0000 0.9959 0.9948    0.5081 0.3621 0.4969 0.8469 0.9692 0.9842 0.9916 0.9917 0.9927 0.9940    0.0108 0.0083 0.0658 0.1273 0.0997 0.0611 0.0341 0.0166 0.0065 0.0016
    84 0.00100000 0.8335 0.8118 0.0435    0.5023 0.3657 0.5381 0.9116 1.0187 1.0189 1.0100 1.0015 0.9970 0.9929    0.4973 0.3616 0.5051 0.8479 0.9687 0.9882 0.9929 0.9930 0.9938 0.9921    0.0100 0.0081 0.0661 0.1274 0.1000 0.0615 0.0341 0.0170 0.0065 0.0014
    85 0.00100000 0.8388 0.8168 0.0440    0.5095 0.3648 0.5336 0.9100 1.0212 1.0159 1.0089 0.9995 0.9961 0.9939    0.5017 0.3602 0.5019 0.8473 0.9714 0.9854 0.9918 0.9908 0.9928 0.9931    0.0156 0.0092 0.0633 0.1255 0.0995 0.0610 0.0343 0.0172 0.0066 0.0016
    86 0.00100000 0.8346 0.8135 0.0422    0.5018 0.3675 0.5344 0.9113 1.0182 1.0204 1.0033 1.0041 0.9957 0.9969    0.4974 0.3635 0.5018 0.8479 0.9690 0.9900 0.9865 0.9958 0.9926 0.9962    0.0087 0.0080 0.0652 0.1269 0.0983 0.0608 0.0337 0.0165 0.0063 0.0015
    87 0.00100000 0.8339 0.8126 0.0426    0.5052 0.3630 0.5273 0.9093 1.0211 1.0208 1.0086 0.9997 0.9958 0.9900    0.5007 0.3589 0.4957 0.8461 0.9715 0.9897 0.9915 0.9913 0.9926 0.9893    0.0091 0.0083 0.0632 0.1263 0.0992 0.0622 0.0342 0.0168 0.0064 0.0015
    88 0.00100000 0.8338 0.8125 0.0426    0.5048 0.3667 0.5307 0.9051 1.0197 1.0173 1.0076 1.0008 0.9940 0.9956    0.5001 0.3622 0.4990 0.8420 0.9705 0.9871 0.9905 0.9924 0.9909 0.9949    0.0094 0.0088 0.0634 0.1262 0.0985 0.0603 0.0342 0.0168 0.0063 0.0014
    89 0.00100000 0.8296 0.8088 0.0415    0.5025 0.3616 0.5318 0.9059 1.0194 1.0160 1.0053 1.0015 0.9936 0.9981    0.4978 0.3578 0.5003 0.8432 0.9697 0.9858 0.9882 0.9932 0.9905 0.9974    0.0093 0.0076 0.0630 0.1255 0.0993 0.0603 0.0341 0.0167 0.0064 0.0015
    90 0.00100000 0.8324 0.8111 0.0425    0.5006 0.3635 0.5355 0.9124 1.0183 1.0175 1.0090 0.9998 0.9984 0.9953    0.4966 0.3594 0.5038 0.8495 0.9686 0.9868 0.9921 0.9914 0.9952 0.9945    0.0080 0.0081 0.0634 0.1259 0.0995 0.0614 0.0339 0.0169 0.0064 0.0015
    91 0.00100000 0.8361 0.8148 0.0426    0.5025 0.3645 0.5355 0.9081 1.0223 1.0197 1.0083 1.0023 0.9984 0.9963    0.4984 0.3600 0.5032 0.8453 0.9728 0.9895 0.9912 0.9939 0.9953 0.9956    0.0083 0.0089 0.0646 0.1256 0.0991 0.0606 0.0341 0.0168 0.0063 0.0014
    92 0.00100000 0.8313 0.8100 0.0427    0.4973 0.3654 0.5342 0.9109 1.0163 1.0161 1.0088 0.9952 0.9961 0.9954    0.4929 0.3615 0.5018 0.8477 0.9670 0.9858 0.9916 0.9868 0.9928 0.9947    0.0088 0.0079 0.0648 0.1264 0.0986 0.0607 0.0344 0.0168 0.0065 0.0015
    93 0.00100000 0.8291 0.8076 0.0429    0.5139 0.3610 0.5222 0.9022 1.0201 1.0177 1.0086 0.9987 0.9973 0.9966    0.5085 0.3570 0.4910 0.8390 0.9704 0.9872 0.9912 0.9903 0.9942 0.9958    0.0106 0.0078 0.0623 0.1264 0.0995 0.0609 0.0347 0.0168 0.0063 0.0015
    94 0.00100000 0.8368 0.8154 0.0426    0.5148 0.3664 0.5277 0.8993 1.0202 1.0188 1.0112 0.9997 0.9983 0.9937    0.5092 0.3620 0.4952 0.8374 0.9707 0.9882 0.9942 0.9913 0.9950 0.9930    0.0111 0.0087 0.0649 0.1237 0.0990 0.0611 0.0339 0.0169 0.0065 0.0015
    95 0.00100000 0.8347 0.8136 0.0424    0.4933 0.3622 0.5270 0.9127 1.0234 1.0174 1.0093 1.0021 0.9955 0.9971    0.4895 0.3578 0.4958 0.8492 0.9737 0.9870 0.9924 0.9938 0.9923 0.9964    0.0076 0.0087 0.0623 0.1270 0.0994 0.0608 0.0337 0.0166 0.0064 0.0014
    96 0.00100000 0.8377 0.8153 0.0448    0.5119 0.3641 0.5342 0.9078 1.0196 1.0145 1.0097 0.9988 0.9960 0.9948    0.5008 0.3590 0.5012 0.8449 0.9696 0.9839 0.9926 0.9902 0.9927 0.9938    0.0223 0.0102 0.0661 0.1257 0.1000 0.0612 0.0342 0.0172 0.0068 0.0019
    97 0.00100000 0.8312 0.8108 0.0408    0.5031 0.3655 0.5198 0.9006 1.0134 1.0178 1.0076 1.0010 0.9979 0.9960    0.4992 0.3620 0.4890 0.8379 0.9637 0.9873 0.9906 0.9926 0.9947 0.9953    0.0079 0.0071 0.0618 0.1255 0.0993 0.0611 0.0339 0.0167 0.0064 0.0014
    98 0.00100000 0.8299 0.8084 0.0430    0.5057 0.3641 0.5251 0.9095 1.0209 1.0131 1.0090 1.0042 0.9939 0.9950    0.5012 0.3600 0.4941 0.8468 0.9712 0.9827 0.9918 0.9959 0.9906 0.9942    0.0089 0.0083 0.0620 0.1254 0.0994 0.0608 0.0343 0.0165 0.0065 0.0015
    99 0.00100000 0.8384 0.8169 0.0429    0.5083 0.3611 0.5319 0.9077 1.0252 1.0217 1.0125 1.0004 0.9973 0.9973    0.5024 0.3573 0.5001 0.8444 0.9754 0.9913 0.9955 0.9920 0.9941 0.9965    0.0118 0.0076 0.0635 0.1266 0.0996 0.0607 0.0341 0.0168 0.0065 0.0016
   100 0.00100000 0.8336 0.8125 0.0421    0.5059 0.3629 0.5297 0.9124 1.0238 1.0186 1.0079 0.9977 1.0011 0.9926    0.5018 0.3591 0.4984 0.8492 0.9742 0.9881 0.9909 0.9893 0.9979 0.9919    0.0081 0.0077 0.0626 0.1263 0.0993 0.0609 0.0339 0.0168 0.0065 0.0014
   101 0.00100000 0.8324 0.8113 0.0422    0.5058 0.3617 0.5279 0.8988 1.0182 1.0166 1.0091 0.9994 1.0016 0.9943    0.5016 0.3577 0.4964 0.8366 0.9687 0.9859 0.9918 0.9910 0.9984 0.9936    0.0085 0.0081 0.0628 0.1245 0.0990 0.0615 0.0346 0.0167 0.0065 0.0014
   102 0.00100000 0.8279 0.8069 0.0420    0.4993 0.3628 0.5232 0.9091 1.0196 1.0187 1.0081 1.0012 0.9928 0.9957    0.4942 0.3585 0.4921 0.8468 0.9700 0.9883 0.9910 0.9928 0.9896 0.9949    0.0102 0.0084 0.0622 0.1245 0.0991 0.0608 0.0342 0.0167 0.0064 0.0015
   103 0.00100000 0.8360 0.8142 0.0437    0.5074 0.3576 0.5214 0.8960 1.0218 1.0160 1.0084 1.0015 0.9936 0.9920    0.5024 0.3537 0.4904 0.8342 0.9722 0.9854 0.9914 0.9931 0.9904 0.9912    0.0100 0.0078 0.0620 0.1235 0.0991 0.0613 0.0341 0.0168 0.0064 0.0015
   104 0.00100000 0.8435 0.8221 0.0427    0.5028 0.3611 0.5261 0.9115 1.0229 1.0147 1.0098 1.0005 1.0000 0.9958    0.4978 0.3573 0.4947 0.8489 0.9729 0.9838 0.9926 0.9921 0.9968 0.9951    0.0100 0.0076 0.0628 0.1251 0.0999 0.0617 0.0345 0.0168 0.0064 0.0015
   105 0.00100000 0.8300 0.8087 0.0427    0.5068 0.3601 0.5167 0.9074 1.0219 1.0193 1.0020 1.0054 0.9952 0.9946    0.5032 0.3565 0.4868 0.8446 0.9720 0.9889 0.9849 0.9972 0.9920 0.9939    0.0073 0.0072 0.0598 0.1256 0.0998 0.0609 0.0343 0.0165 0.0063 0.0014
   106 0.00100000 0.8324 0.8111 0.0426    0.4982 0.3613 0.5213 0.9091 1.0157 1.0187 1.0077 0.9965 0.9961 0.9942    0.4929 0.3570 0.4904 0.8461 0.9657 0.9878 0.9905 0.9881 0.9928 0.9934    0.0106 0.0086 0.0617 0.1258 0.1000 0.0619 0.0345 0.0168 0.0066 0.0015
   107 0.00100000 0.8364 0.8154 0.0420    0.5084 0.3606 0.5238 0.9102 1.0214 1.0128 1.0102 1.0040 0.9977 0.9928    0.5037 0.3567 0.4930 0.8470 0.9712 0.9826 0.9930 0.9957 0.9944 0.9920    0.0094 0.0077 0.0616 0.1264 0.1003 0.0605 0.0343 0.0166 0.0064 0.0015
   108 0.00100000 0.8328 0.8115 0.0426    0.5030 0.3612 0.5298 0.9019 1.0196 1.0170 1.0093 1.0005 1.0015 0.9907    0.4986 0.3574 0.4976 0.8400 0.9698 0.9867 0.9922 0.9919 0.9984 0.9900    0.0087 0.0077 0.0645 0.1238 0.0997 0.0607 0.0343 0.0171 0.0064 0.0015
   109 0.00100000 0.8372 0.8161 0.0421    0.4929 0.3607 0.5195 0.9032 1.0232 1.0162 1.0068 1.0006 0.9986 0.9964    0.4886 0.3571 0.4884 0.8408 0.9737 0.9857 0.9897 0.9923 0.9954 0.9957    0.0085 0.0072 0.0623 0.1249 0.0990 0.0611 0.0342 0.0166 0.0062 0.0014
   110 0.00100000 0.8375 0.8166 0.0417    0.4932 0.3612 0.5196 0.9040 1.0191 1.0177 1.0090 0.9994 0.9951 0.9954    0.4889 0.3574 0.4887 0.8416 0.9693 0.9870 0.9921 0.9911 0.9919 0.9947    0.0087 0.0076 0.0617 0.1247 0.0996 0.0613 0.0338 0.0167 0.0063 0.0014
   111 0.00100000 0.8279 0.8071 0.0415    0.5098 0.3637 0.5114 0.9057 1.0196 1.0233 1.0107 1.0016 0.9946 0.9962    0.5056 0.3600 0.4813 0.8436 0.9697 0.9925 0.9938 0.9934 0.9914 0.9955    0.0085 0.0074 0.0601 0.1243 0.0997 0.0616 0.0338 0.0164 0.0064 0.0014
   112 0.00100000 0.8340 0.8125 0.0431    0.5011 0.3604 0.5363 0.8955 1.0184 1.0143 1.0123 0.9994 0.9978 0.9943    0.4967 0.3561 0.5037 0.8337 0.9681 0.9838 0.9951 0.9910 0.9946 0.9936    0.0088 0.0086 0.0652 0.1236 0.1006 0.0609 0.0343 0.0167 0.0063 0.0014
   113 0.00100000 0.8355 0.8141 0.0428    0.5052 0.3619 0.5272 0.9066 1.0123 1.0148 1.0063 1.0036 0.9945 0.9963    0.4999 0.3579 0.4954 0.8438 0.9626 0.9845 0.9893 0.9952 0.9914 0.9955    0.0107 0.0081 0.0634 0.1256 0.0993 0.0606 0.0340 0.0169 0.0063 0.0015
   114 0.00100000 0.8319 0.8104 0.0430    0.5067 0.3605 0.5207 0.8991 1.0196 1.0184 1.0098 1.0022 1.0015 0.9880    0.5011 0.3569 0.4905 0.8368 0.9698 0.9879 0.9928 0.9938 0.9984 0.9873    0.0112 0.0074 0.0606 0.1246 0.0996 0.0611 0.0340 0.0168 0.0062 0.0015
   115 0.00100000 0.8313 0.8106 0.0414    0.5029 0.3603 0.5261 0.9092 1.0211 1.0181 1.0098 1.0018 0.9994 0.9993    0.4988 0.3567 0.4953 0.8467 0.9716 0.9873 0.9927 0.9934 0.9962 0.9986    0.0082 0.0072 0.0615 0.1249 0.0989 0.0616 0.0342 0.0166 0.0065 0.0014
   116 0.00100000 0.8300 0.8094 0.0412    0.4926 0.3598 0.5218 0.9023 1.0177 1.0154 1.0117 1.0007 0.9950 0.9913    0.4889 0.3560 0.4913 0.8405 0.9681 0.9848 0.9946 0.9922 0.9918 0.9906    0.0076 0.0076 0.0610 0.1235 0.0993 0.0611 0.0343 0.0169 0.0064 0.0015
   117 0.00100000 0.8385 0.8173 0.0423    0.5050 0.3584 0.5243 0.9021 1.0192 1.0179 1.0128 1.0010 1.0002 0.9948    0.5003 0.3546 0.4926 0.8399 0.9691 0.9872 0.9957 0.9926 0.9970 0.9941    0.0093 0.0075 0.0634 0.1244 0.1002 0.0613 0.0341 0.0168 0.0063 0.0014
   118 0.00100000 0.8302 0.8095 0.0416    0.4969 0.3614 0.5200 0.8994 1.0188 1.0149 1.0071 0.9971 0.9979 0.9961    0.4927 0.3578 0.4890 0.8375 0.9693 0.9846 0.9902 0.9888 0.9948 0.9954    0.0084 0.0073 0.0619 0.1239 0.0990 0.0605 0.0339 0.0166 0.0063 0.0014
   119 0.00100000 0.8302 0.8091 0.0422    0.5004 0.3583 0.5138 0.9024 1.0186 1.0183 1.0096 1.0015 0.9976 0.9951    0.4965 0.3548 0.4842 0.8397 0.9697 0.9876 0.9926 0.9933 0.9944 0.9944    0.0078 0.0070 0.0592 0.1254 0.0978 0.0614 0.0341 0.0164 0.0064 0.0014
   120 0.00100000 0.8328 0.8116 0.0424    0.5091 0.3569 0.5256 0.9063 1.0214 1.0203 1.0073 1.0026 0.9978 0.9978    0.5048 0.3534 0.4949 0.8439 0.9714 0.9897 0.9903 0.9942 0.9946 0.9971    0.0086 0.0069 0.0614 0.1248 0.1000 0.0611 0.0341 0.0168 0.0063 0.0015
   121 0.00100000 0.8255 0.8042 0.0426    0.5032 0.3592 0.5178 0.9042 1.0220 1.0182 1.0110 1.0039 1.0017 0.9916    0.4994 0.3555 0.4880 0.8420 0.9729 0.9878 0.9937 0.9955 0.9985 0.9909    0.0077 0.0073 0.0597 0.1243 0.0983 0.0609 0.0346 0.0169 0.0063 0.0014
   122 0.00100000 0.8285 0.8075 0.0420    0.4983 0.3606 0.5242 0.9043 1.0203 1.0211 1.0059 0.9998 0.9935 0.9924    0.4943 0.3568 0.4934 0.8418 0.9708 0.9906 0.9888 0.9916 0.9903 0.9917    0.0081 0.0075 0.0617 0.1250 0.0990 0.0609 0.0343 0.0165 0.0064 0.0015
   123 0.00100000 0.8371 0.8163 0.0416    0.5075 0.3616 0.5108 0.9073 1.0133 1.0169 1.0108 1.0030 0.9972 0.9945    0.5028 0.3578 0.4821 0.8446 0.9635 0.9860 0.9939 0.9946 0.9940 0.9937    0.0095 0.0075 0.0575 0.1255 0.0996 0.0619 0.0339 0.0168 0.0064 0.0015
   124 0.00100000 0.8301 0.8095 0.0411    0.5034 0.3568 0.5193 0.9009 1.0185 1.0157 1.0062 1.0040 1.0000 0.9953    0.4997 0.3533 0.4888 0.8387 0.9695 0.9853 0.9893 0.9958 0.9968 0.9946    0.0074 0.0070 0.0611 0.1245 0.0980 0.0608 0.0338 0.0165 0.0064 0.0014
   125 0.00100000 0.8359 0.8150 0.0418    0.4931 0.3574 0.5104 0.9047 1.0195 1.0163 1.0108 1.0046 0.9954 0.9937    0.4889 0.3537 0.4813 0.8422 0.9701 0.9857 0.9937 0.9964 0.9922 0.9930    0.0084 0.0075 0.0581 0.1250 0.0988 0.0610 0.0343 0.0166 0.0064 0.0014
   126 0.00100000 0.8312 0.8102 0.0420    0.5018 0.3615 0.5197 0.9060 1.0170 1.0150 1.0074 0.9996 0.9987 0.9947    0.4978 0.3574 0.4889 0.8433 0.9679 0.9846 0.9905 0.9913 0.9955 0.9940    0.0080 0.0082 0.0615 0.1252 0.0983 0.0608 0.0339 0.0165 0.0062 0.0014
   127 0.00100000 0.8284 0.8078 0.0412    0.5015 0.3632 0.5210 0.8993 1.0190 1.0163 1.0085 0.9987 0.9973 0.9950    0.4978 0.3595 0.4902 0.8380 0.9693 0.9855 0.9915 0.9904 0.9942 0.9943    0.0074 0.0074 0.0616 0.1227 0.0994 0.0616 0.0341 0.0165 0.0063 0.0014
   128 0.00100000 0.8289 0.8081 0.0415    0.5027 0.3623 0.5122 0.9023 1.0160 1.0192 1.0060 0.9997 0.9973 0.9992    0.4981 0.3584 0.4829 0.8400 0.9667 0.9885 0.9891 0.9914 0.9941 0.9984    0.0092 0.0078 0.0587 0.1247 0.0987 0.0615 0.0337 0.0167 0.0066 0.0015
   129 0.00100000 0.8295 0.8088 0.0414    0.4966 0.3587 0.5098 0.9008 1.0215 1.0206 1.0093 1.0012 0.9918 0.9968    0.4934 0.3553 0.4805 0.8385 0.9720 0.9900 0.9924 0.9928 0.9886 0.9961    0.0062 0.0069 0.0585 0.1245 0.0990 0.0613 0.0337 0.0167 0.0064 0.0014
   130 0.00100000 0.8310 0.8094 0.0432    0.5029 0.3569 0.5293 0.9033 1.0190 1.0181 1.0108 0.9993 0.9920 0.9964    0.4972 0.3529 0.4974 0.8415 0.9691 0.9877 0.9938 0.9909 0.9887 0.9957    0.0114 0.0079 0.0638 0.1236 0.0997 0.0608 0.0340 0.0168 0.0065 0.0015
   131 0.00100000 0.8335 0.8126 0.0418    0.4954 0.3553 0.5136 0.9060 1.0140 1.0142 1.0120 0.9985 0.9948 0.9970    0.4911 0.3518 0.4840 0.8443 0.9642 0.9838 0.9950 0.9902 0.9917 0.9964    0.0084 0.0069 0.0592 0.1233 0.0997 0.0607 0.0342 0.0167 0.0062 0.0014
   132 0.00100000 0.8315 0.8107 0.0416    0.5039 0.3591 0.5149 0.8986 1.0147 1.0142 1.0047 1.0011 1.0010 0.9984    0.4996 0.3556 0.4847 0.8372 0.9652 0.9839 0.9876 0.9927 0.9977 0.9977    0.0085 0.0070 0.0604 0.1229 0.0991 0.0607 0.0342 0.0169 0.0065 0.0015
   133 0.00100000 0.8376 0.8165 0.0422    0.5067 0.3595 0.5153 0.9112 1.0215 1.0197 1.0087 1.0004 0.9982 0.9924    0.5027 0.3559 0.4854 0.8487 0.9720 0.9892 0.9918 0.9920 0.9950 0.9917    0.0078 0.0073 0.0599 0.1249 0.0990 0.0611 0.0339 0.0167 0.0064 0.0015
   134 0.00100000 0.8351 0.8136 0.0430    0.5078 0.3578 0.5291 0.9105 1.0181 1.0163 1.0089 0.9997 0.9930 0.9923    0.5032 0.3541 0.4977 0.8484 0.9683 0.9859 0.9918 0.9914 0.9899 0.9915    0.0093 0.0073 0.0628 0.1242 0.0996 0.0609 0.0341 0.0168 0.0063 0.0015
   135 0.00100000 0.8291 0.8090 0.0402    0.5000 0.3607 0.5102 0.9043 1.0131 1.0172 1.0107 1.0000 0.9965 0.9935    0.4963 0.3573 0.4806 0.8422 0.9634 0.9866 0.9936 0.9917 0.9933 0.9928    0.0075 0.0069 0.0593 0.1242 0.0994 0.0613 0.0342 0.0166 0.0064 0.0014
   136 0.00100000 0.8369 0.8166 0.0407    0.4914 0.3610 0.5168 0.9051 1.0212 1.0167 1.0103 1.0018 0.9969 0.9959    0.4880 0.3575 0.4866 0.8430 0.9717 0.9856 0.9932 0.9932 0.9936 0.9952    0.0069 0.0070 0.0604 0.1243 0.0989 0.0622 0.0341 0.0171 0.0065 0.0014
   137 0.00100000 0.8264 0.8056 0.0416    0.5022 0.3578 0.5068 0.9006 1.0203 1.0155 1.0089 1.0012 1.0013 0.9976    0.4985 0.3544 0.4778 0.8392 0.9708 0.9850 0.9918 0.9928 0.9981 0.9969    0.0075 0.0069 0.0580 0.1227 0.0989 0.0609 0.0342 0.0168 0.0064 0.0014
   138 0.00100000 0.8362 0.8156 0.0413    0.4984 0.3528 0.5175 0.9042 1.0169 1.0138 1.0108 1.0027 0.9942 0.9955    0.4948 0.3500 0.4873 0.8421 0.9675 0.9834 0.9937 0.9943 0.9909 0.9948    0.0073 0.0057 0.0605 0.1241 0.0988 0.0610 0.0341 0.0167 0.0065 0.0014
   139 0.00100000 0.8299 0.8095 0.0408    0.5022 0.3561 0.5223 0.8958 1.0192 1.0207 1.0099 0.9991 0.9999 0.9923    0.4980 0.3523 0.4918 0.8343 0.9697 0.9904 0.9931 0.9907 0.9966 0.9916    0.0084 0.0075 0.0609 0.1231 0.0990 0.0607 0.0335 0.0168 0.0065 0.0014
   140 0.00100000 0.8356 0.8143 0.0426    0.5033 0.3590 0.5116 0.8962 1.0146 1.0212 1.0108 1.0019 0.9991 0.9960    0.4989 0.3553 0.4824 0.8341 0.9647 0.9905 0.9936 0.9935 0.9958 0.9953    0.0087 0.0076 0.0584 0.1243 0.0997 0.0614 0.0343 0.0167 0.0065 0.0014
   141 0.00100000 0.8384 0.8169 0.0429    0.5007 0.3589 0.5163 0.8991 1.0189 1.0171 1.0086 1.0020 0.9969 0.9975    0.4960 0.3554 0.4862 0.8373 0.9700 0.9870 0.9916 0.9937 0.9937 0.9968    0.0093 0.0070 0.0602 0.1235 0.0979 0.0602 0.0340 0.0168 0.0063 0.0015
   142 0.00100000 0.8272 0.8060 0.0422    0.5047 0.3570 0.5098 0.9037 1.0162 1.0224 1.0076 0.9987 0.9966 0.9976    0.5009 0.3536 0.4811 0.8421 0.9666 0.9918 0.9905 0.9904 0.9934 0.9969    0.0076 0.0069 0.0574 0.1232 0.0991 0.0612 0.0340 0.0165 0.0063 0.0014
   143 0.00100000 0.8333 0.8121 0.0424    0.4986 0.3598 0.5154 0.9017 1.0186 1.0215 1.0050 0.9990 0.9979 0.9945    0.4945 0.3561 0.4847 0.8393 0.9694 0.9907 0.9880 0.9906 0.9947 0.9938    0.0082 0.0073 0.0613 0.1248 0.0984 0.0616 0.0339 0.0168 0.0064 0.0014
   144 0.00100000 0.8348 0.8135 0.0426    0.5034 0.3583 0.5142 0.9029 1.0154 1.0177 1.0067 0.9969 0.9954 0.9939    0.4996 0.3547 0.4840 0.8405 0.9660 0.9867 0.9897 0.9886 0.9922 0.9932    0.0075 0.0071 0.0604 0.1248 0.0988 0.0619 0.0340 0.0166 0.0064 0.0015
   145 0.00100000 0.8284 0.8072 0.0424    0.4995 0.3560 0.5179 0.8966 1.0147 1.0140 1.0053 1.0039 0.9989 0.9987    0.4953 0.3528 0.4875 0.8344 0.9654 0.9836 0.9881 0.9956 0.9956 0.9979    0.0083 0.0064 0.0609 0.1244 0.0987 0.0608 0.0344 0.0167 0.0066 0.0015
   146 0.00100000 0.8339 0.8133 0.0413    0.4980 0.3560 0.5118 0.8978 1.0166 1.0130 1.0078 1.0041 0.9987 0.9908    0.4939 0.3527 0.4823 0.8364 0.9674 0.9823 0.9905 0.9958 0.9955 0.9901    0.0082 0.0066 0.0591 0.1228 0.0984 0.0614 0.0345 0.0167 0.0063 0.0014
   147 0.00100000 0.8332 0.8129 0.0408    0.4996 0.3579 0.5113 0.9004 1.0191 1.0164 1.0038 0.9997 0.9949 0.9945    0.4965 0.3548 0.4820 0.8389 0.9694 0.9859 0.9869 0.9913 0.9917 0.9939    0.0063 0.0063 0.0586 0.1232 0.0994 0.0609 0.0337 0.0167 0.0064 0.0013
   148 0.00100000 0.8354 0.8147 0.0415    0.4968 0.3583 0.5222 0.9022 1.0195 1.0230 1.0092 0.9978 0.9976 0.9930    0.4927 0.3544 0.4911 0.8400 0.9701 0.9922 0.9922 0.9894 0.9945 0.9923    0.0082 0.0077 0.0622 0.1242 0.0989 0.0617 0.0341 0.0168 0.0062 0.0013
   149 0.00100000 0.8339 0.8133 0.0414    0.4970 0.3584 0.5062 0.9003 1.0157 1.0186 1.0076 1.0030 0.9996 0.9921    0.4937 0.3548 0.4778 0.8390 0.9659 0.9883 0.9907 0.9946 0.9964 0.9914    0.0066 0.0072 0.0569 0.1227 0.0997 0.0604 0.0340 0.0166 0.0064 0.0014
   150 0.00100000 0.8333 0.8125 0.0417    0.5078 0.3555 0.5162 0.8906 1.0176 1.0170 1.0048 1.0030 0.9978 0.9978    0.5035 0.3520 0.4860 0.8296 0.9681 0.9865 0.9878 0.9946 0.9946 0.9971    0.0085 0.0069 0.0603 0.1221 0.0990 0.0609 0.0340 0.0168 0.0064 0.0014
   151 0.00100000 0.8296 0.8089 0.0414    0.5046 0.3548 0.5136 0.9008 1.0175 1.0113 1.0108 1.0004 0.9944 0.9960    0.5011 0.3518 0.4837 0.8388 0.9677 0.9807 0.9939 0.9921 0.9912 0.9953    0.0070 0.0059 0.0597 0.1239 0.0995 0.0610 0.0339 0.0166 0.0064 0.0013
   152 0.00100000 0.8298 0.8095 0.0406    0.4981 0.3609 0.5150 0.8954 1.0163 1.0197 1.0082 0.9986 0.9941 0.9964    0.4943 0.3572 0.4858 0.8339 0.9670 0.9895 0.9911 0.9901 0.9910 0.9956    0.0076 0.0073 0.0585 0.1231 0.0985 0.0603 0.0342 0.0169 0.0063 0.0015
   153 0.00100000 0.8305 0.8099 0.0412    0.4890 0.3536 0.5098 0.9027 1.0181 1.0161 1.0087 1.0019 0.9933 0.9931    0.4852 0.3504 0.4807 0.8412 0.9683 0.9856 0.9916 0.9935 0.9901 0.9924    0.0076 0.0065 0.0582 0.1231 0.0995 0.0611 0.0342 0.0168 0.0064 0.0014
   154 0.00100000 0.8297 0.8088 0.0417    0.4993 0.3578 0.5230 0.8976 1.0172 1.0171 1.0104 1.0006 0.9964 0.9954    0.4956 0.3542 0.4919 0.8355 0.9673 0.9870 0.9933 0.9923 0.9933 0.9947    0.0074 0.0073 0.0621 0.1242 0.0997 0.0601 0.0342 0.0166 0.0063 0.0013
   155 0.00100000 0.8281 0.8076 0.0411    0.4957 0.3552 0.5057 0.9001 1.0175 1.0163 1.0040 1.0006 0.9959 0.9892    0.4920 0.3516 0.4772 0.8384 0.9680 0.9855 0.9869 0.9923 0.9926 0.9885    0.0075 0.0071 0.0568 0.1234 0.0990 0.0617 0.0341 0.0164 0.0066 0.0015
   156 0.00100000 0.8315 0.8106 0.0418    0.4979 0.3579 0.5166 0.8980 1.0157 1.0170 1.0106 1.0019 0.9945 0.9915    0.4945 0.3545 0.4870 0.8360 0.9661 0.9863 0.9937 0.9936 0.9913 0.9908    0.0069 0.0068 0.0592 0.1240 0.0991 0.0613 0.0339 0.0167 0.0063 0.0014
   157 0.00100000 0.8319 0.8115 0.0410    0.4924 0.3558 0.5128 0.9037 1.0190 1.0163 1.0083 0.9999 0.9954 0.9929    0.4892 0.3524 0.4833 0.8414 0.9701 0.9858 0.9915 0.9916 0.9922 0.9922    0.0064 0.0068 0.0590 0.1246 0.0976 0.0610 0.0336 0.0166 0.0065 0.0014
   158 0.00100000 0.8332 0.8119 0.0425    0.4935 0.3571 0.5155 0.8985 1.0209 1.0167 1.0082 1.0035 0.9949 0.9976    0.4900 0.3533 0.4854 0.8366 0.9715 0.9862 0.9912 0.9951 0.9917 0.9969    0.0069 0.0075 0.0602 0.1237 0.0987 0.0610 0.0341 0.0168 0.0064 0.0013
   159 0.00100000 0.8247 0.8042 0.0410    0.5003 0.3534 0.5073 0.8953 1.0211 1.0205 1.0086 0.9981 0.9950 0.9919    0.4958 0.3498 0.4781 0.8339 0.9713 0.9899 0.9917 0.9898 0.9917 0.9911    0.0089 0.0072 0.0584 0.1229 0.0996 0.0611 0.0337 0.0167 0.0065 0.0015
   160 0.00100000 0.8299 0.8088 0.0421    0.4974 0.3562 0.5093 0.8994 1.0124 1.0144 1.0047 1.0055 0.9943 0.9932    0.4941 0.3528 0.4802 0.8373 0.9628 0.9839 0.9875 0.9972 0.9911 0.9925    0.0066 0.0069 0.0583 0.1242 0.0990 0.0610 0.0344 0.0165 0.0063 0.0014
   161 0.00100000 0.8260 0.8058 0.0405    0.4983 0.3577 0.5150 0.8972 1.0188 1.0187 1.0067 1.0042 0.9978 0.9946    0.4946 0.3544 0.4855 0.8356 0.9695 0.9882 0.9896 0.9958 0.9946 0.9939    0.0075 0.0067 0.0590 0.1232 0.0986 0.0610 0.0342 0.0167 0.0063 0.0014
   162 0.00100000 0.8227 0.8023 0.0410    0.4991 0.3560 0.5096 0.8987 1.0184 1.0156 1.0069 1.0014 0.9963 0.9920    0.4957 0.3523 0.4807 0.8369 0.9692 0.9854 0.9899 0.9930 0.9932 0.9914    0.0069 0.0075 0.0577 0.1237 0.0985 0.0606 0.0340 0.0168 0.0062 0.0013
   163 0.00100000 0.8307 0.8098 0.0419    0.4934 0.3580 0.5155 0.8896 1.0224 1.0182 1.0062 1.0048 0.9960 1.0003    0.4896 0.3547 0.4853 0.8284 0.9731 0.9875 0.9892 0.9964 0.9929 0.9996    0.0075 0.0066 0.0603 0.1224 0.0985 0.0613 0.0340 0.0169 0.0062 0.0014
   164 0.00100000 0.8306 0.8097 0.0417    0.5044 0.3558 0.5045 0.9106 1.0170 1.0147 1.0060 1.0034 0.9957 0.9975    0.5002 0.3519 0.4753 0.8485 0.9677 0.9839 0.9890 0.9951 0.9926 0.9968    0.0085 0.0078 0.0584 0.1242 0.0986 0.0616 0.0341 0.0166 0.0063 0.0014
   165 0.00100000 0.8333 0.8127 0.0413    0.5053 0.3565 0.5027 0.9004 1.0201 1.0197 1.0080 1.0032 0.9959 0.9953    0.5014 0.3530 0.4743 0.8385 0.9706 0.9892 0.9909 0.9948 0.9928 0.9946    0.0078 0.0068 0.0568 0.1238 0.0990 0.0610 0.0342 0.0166 0.0063 0.0014
   166 0.00100000 0.8384 0.8171 0.0425    0.4970 0.3542 0.5183 0.8904 1.0183 1.0150 1.0077 1.0064 0.9944 0.9969    0.4934 0.3508 0.4880 0.8294 0.9691 0.9844 0.9906 0.9980 0.9913 0.9962    0.0072 0.0069 0.0607 0.1221 0.0983 0.0611 0.0343 0.0167 0.0062 0.0014
   167 0.00100000 0.8338 0.8131 0.0414    0.5000 0.3544 0.5199 0.8911 1.0194 1.0182 1.0085 0.9987 0.9950 0.9978    0.4967 0.3511 0.4894 0.8295 0.9698 0.9878 0.9917 0.9904 0.9918 0.9971    0.0065 0.0066 0.0609 0.1232 0.0992 0.0609 0.0336 0.0167 0.0064 0.0014
   168 0.00100000 0.8312 0.8102 0.0420    0.4995 0.3556 0.5096 0.8998 1.0130 1.0203 1.0078 1.0039 0.9951 0.9977    0.4958 0.3520 0.4798 0.8379 0.9638 0.9900 0.9908 0.9955 0.9919 0.9970    0.0075 0.0072 0.0595 0.1238 0.0983 0.0607 0.0339 0.0168 0.0063 0.0014
   169 0.00100000 0.8323 0.8110 0.0427    0.5038 0.3536 0.5163 0.8942 1.0174 1.0201 1.0116 1.0013 0.9981 0.9953    0.5001 0.3500 0.4858 0.8330 0.9683 0.9900 0.9944 0.9931 0.9950 0.9946    0.0074 0.0072 0.0610 0.1224 0.0982 0.0602 0.0343 0.0165 0.0062 0.0013
   170 0.00100000 0.8303 0.8097 0.0411    0.4949 0.3565 0.5123 0.8937 1.0177 1.0182 1.0058 0.9992 0.9945 0.9919    0.4920 0.3533 0.4828 0.8320 0.9684 0.9874 0.9889 0.9909 0.9913 0.9912    0.0057 0.0064 0.0590 0.1235 0.0988 0.0616 0.0338 0.0165 0.0064 0.0013
   171 0.00100000 0.8289 0.8083 0.0411    0.5022 0.3562 0.4990 0.8962 1.0141 1.0166 1.0068 1.0013 0.9973 0.9988    0.4974 0.3529 0.4711 0.8345 0.9649 0.9862 0.9897 0.9929 0.9940 0.9980    0.0095 0.0067 0.0559 0.1234 0.0984 0.0608 0.0342 0.0167 0.0064 0.0015
   172 0.00100000 0.8314 0.8105 0.0418    0.4978 0.3557 0.5114 0.8973 1.0208 1.0133 1.0105 0.9971 0.9936 0.9929    0.4946 0.3524 0.4813 0.8359 0.9711 0.9830 0.9936 0.9889 0.9905 0.9923    0.0065 0.0067 0.0600 0.1228 0.0992 0.0607 0.0338 0.0165 0.0063 0.0013
   173 0.00100000 0.8327 0.8123 0.0408    0.5002 0.3565 0.5088 0.8966 1.0149 1.0177 1.0110 1.0062 1.0045 0.9985    0.4967 0.3532 0.4797 0.8353 0.9649 0.9872 0.9941 0.9979 1.0014 0.9978    0.0072 0.0066 0.0582 0.1226 0.1000 0.0610 0.0339 0.0166 0.0063 0.0014
   174 0.00100000 0.8271 0.8065 0.0413    0.4912 0.3593 0.5044 0.8910 1.0180 1.0161 1.0108 1.0009 0.9993 0.9970    0.4877 0.3553 0.4764 0.8293 0.9683 0.9853 0.9939 0.9928 0.9961 0.9963    0.0069 0.0080 0.0559 0.1233 0.0995 0.0616 0.0339 0.0163 0.0064 0.0014
   175 0.00100000 0.8252 0.8045 0.0413    0.4946 0.3556 0.5048 0.8975 1.0204 1.0187 1.0056 0.9990 0.9942 0.9921    0.4908 0.3519 0.4757 0.8361 0.9705 0.9881 0.9888 0.9908 0.9910 0.9914    0.0077 0.0074 0.0582 0.1230 0.1000 0.0611 0.0338 0.0165 0.0063 0.0014
   176 0.00100000 0.8318 0.8111 0.0415    0.4919 0.3530 0.5062 0.8955 1.0194 1.0142 1.0082 1.0034 0.9939 0.9934    0.4886 0.3494 0.4772 0.8343 0.9703 0.9836 0.9914 0.9951 0.9908 0.9927    0.0067 0.0070 0.0580 0.1225 0.0982 0.0612 0.0336 0.0167 0.0061 0.0013
   177 0.00100000 0.8280 0.8074 0.0411    0.4998 0.3557 0.5077 0.8951 1.0201 1.0170 1.0052 1.0062 0.9967 0.9995    0.4965 0.3522 0.4784 0.8336 0.9706 0.9863 0.9882 0.9978 0.9935 0.9988    0.0064 0.0071 0.0586 0.1229 0.0990 0.0614 0.0339 0.0168 0.0064 0.0014
   178 0.00100000 0.8336 0.8129 0.0412    0.5007 0.3559 0.5043 0.8991 1.0148 1.0134 1.0064 0.9979 1.0015 0.9963    0.4972 0.3529 0.4760 0.8374 0.9658 0.9826 0.9894 0.9895 0.9983 0.9956    0.0069 0.0060 0.0567 0.1235 0.0982 0.0615 0.0340 0.0169 0.0064 0.0013
   179 0.00100000 0.8306 0.8100 0.0411    0.5002 0.3544 0.5041 0.8952 1.0135 1.0161 1.0105 1.0028 0.9993 0.9949    0.4966 0.3505 0.4759 0.8340 0.9641 0.9855 0.9936 0.9944 0.9961 0.9942    0.0071 0.0078 0.0562 0.1224 0.0987 0.0613 0.0339 0.0167 0.0064 0.0014
   180 0.00100000 0.8326 0.8119 0.0413    0.4981 0.3556 0.5090 0.8956 1.0223 1.0169 1.0087 1.0006 0.9982 0.9950    0.4946 0.3520 0.4800 0.8342 0.9727 0.9864 0.9916 0.9922 0.9951 0.9943    0.0070 0.0072 0.0582 0.1227 0.0993 0.0610 0.0343 0.0169 0.0063 0.0013
   181 0.00100000 0.8290 0.8084 0.0411    0.4988 0.3552 0.5007 0.8977 1.0198 1.0195 1.0062 1.0006 0.9977 0.9960    0.4954 0.3520 0.4723 0.8359 0.9707 0.9889 0.9894 0.9923 0.9945 0.9953    0.0068 0.0065 0.0566 0.1236 0.0982 0.0611 0.0336 0.0166 0.0064 0.0015
   182 0.00100000 0.8282 0.8079 0.0407    0.4920 0.3530 0.5028 0.8943 1.0188 1.0155 1.0103 0.9990 0.9986 0.9943    0.4878 0.3499 0.4746 0.8332 0.9695 0.9850 0.9934 0.9905 0.9954 0.9936    0.0084 0.0060 0.0564 0.1222 0.0986 0.0610 0.0338 0.0170 0.0063 0.0014
   183 0.00100000 0.8304 0.8098 0.0413    0.4964 0.3506 0.5049 0.9011 1.0184 1.0218 1.0078 0.9996 0.9944 0.9948    0.4916 0.3472 0.4761 0.8399 0.9692 0.9914 0.9908 0.9913 0.9913 0.9941    0.0096 0.0067 0.0577 0.1225 0.0985 0.0610 0.0341 0.0166 0.0063 0.0014
   184 0.00100000 0.8294 0.8087 0.0415    0.4956 0.3533 0.5053 0.8975 1.0193 1.0200 1.0121 1.0022 0.9950 0.9933    0.4921 0.3499 0.4763 0.8365 0.9694 0.9898 0.9948 0.9939 0.9917 0.9926    0.0070 0.0070 0.0581 0.1221 0.0997 0.0606 0.0345 0.0166 0.0065 0.0014
   185 0.00100000 0.8261 0.8055 0.0411    0.5053 0.3524 0.5057 0.8948 1.0175 1.0193 1.0099 1.0034 1.0010 0.9944    0.5019 0.3493 0.4768 0.8335 0.9681 0.9888 0.9930 0.9951 0.9978 0.9937    0.0068 0.0063 0.0578 0.1226 0.0988 0.0609 0.0338 0.0165 0.0063 0.0013
   186 0.00100000 0.8250 0.8042 0.0416    0.4995 0.3573 0.5057 0.8964 1.0172 1.0141 1.0090 1.0002 1.0021 0.9912    0.4958 0.3541 0.4767 0.8347 0.9679 0.9834 0.9919 0.9920 0.9988 0.9905    0.0075 0.0064 0.0580 0.1235 0.0986 0.0614 0.0342 0.0164 0.0064 0.0014
   187 0.00100000 0.8300 0.8096 0.0407    0.4988 0.3538 0.5026 0.8940 1.0211 1.0171 1.0089 1.0001 0.9938 0.9920    0.4958 0.3504 0.4748 0.8327 0.9720 0.9866 0.9919 0.9918 0.9907 0.9914    0.0059 0.0068 0.0555 0.1228 0.0983 0.0609 0.0340 0.0167 0.0062 0.0013
   188 0.00100000 0.8301 0.8091 0.0419    0.4862 0.3573 0.5062 0.8864 1.0166 1.0173 1.0125 1.0041 0.9952 0.9978    0.4832 0.3533 0.4771 0.8255 0.9672 0.9867 0.9954 0.9957 0.9919 0.9971    0.0060 0.0080 0.0582 0.1218 0.0988 0.0612 0.0342 0.0167 0.0064 0.0014
   189 0.00100000 0.8292 0.8085 0.0413    0.4989 0.3560 0.4985 0.8844 1.0206 1.0176 1.0099 0.9991 0.9939 0.9983    0.4946 0.3523 0.4704 0.8237 0.9707 0.9872 0.9931 0.9905 0.9907 0.9976    0.0085 0.0072 0.0561 0.1214 0.0998 0.0608 0.0337 0.0171 0.0064 0.0014
   190 0.00100000 0.8333 0.8128 0.0409    0.4956 0.3533 0.5102 0.8996 1.0195 1.0171 1.0111 1.0025 0.9955 0.9929    0.4925 0.3504 0.4813 0.8385 0.9700 0.9867 0.9943 0.9942 0.9924 0.9922    0.0063 0.0057 0.0578 0.1221 0.0989 0.0609 0.0336 0.0165 0.0062 0.0013
   191 0.00100000 0.8308 0.8106 0.0405    0.4973 0.3542 0.4996 0.8923 1.0197 1.0189 1.0058 0.9971 0.9926 0.9930    0.4941 0.3506 0.4716 0.8310 0.9706 0.9883 0.9887 0.9889 0.9895 0.9923    0.0063 0.0072 0.0560 0.1227 0.0982 0.0612 0.0343 0.0165 0.0062 0.0014
   192 0.00100000 0.8249 0.8045 0.0409    0.4848 0.3544 0.5083 0.8901 1.0227 1.0178 1.0069 1.0015 0.9998 0.9976    0.4820 0.3507 0.4796 0.8291 0.9733 0.9876 0.9898 0.9933 0.9967 0.9969    0.0055 0.0074 0.0574 0.1220 0.0987 0.0605 0.0343 0.0165 0.0062 0.0013
   193 0.00100000 0.8323 0.8113 0.0419    0.4946 0.3564 0.4954 0.9003 1.0183 1.0146 1.0089 1.0040 0.9975 0.9948    0.4911 0.3527 0.4671 0.8382 0.9691 0.9843 0.9918 0.9957 0.9944 0.9940    0.0069 0.0074 0.0566 0.1243 0.0984 0.0607 0.0342 0.0167 0.0063 0.0014
   194 0.00100000 0.8251 0.8044 0.0413    0.4938 0.3563 0.5182 0.8967 1.0166 1.0159 1.0090 1.0003 0.9979 0.9962    0.4905 0.3527 0.4878 0.8351 0.9670 0.9852 0.9919 0.9919 0.9948 0.9955    0.0066 0.0070 0.0608 0.1232 0.0993 0.0614 0.0343 0.0167 0.0063 0.0013
   195 0.00100000 0.8224 0.8016 0.0416    0.5041 0.3538 0.5083 0.8947 1.0185 1.0206 1.0070 0.9964 0.9937 0.9917    0.5005 0.3503 0.4789 0.8336 0.9687 0.9901 0.9898 0.9881 0.9906 0.9910    0.0072 0.0070 0.0587 0.1223 0.0996 0.0610 0.0343 0.0165 0.0062 0.0015
   196 0.00100000 0.8304 0.8095 0.0418    0.5040 0.3546 0.5075 0.8923 1.0226 1.0156 1.0136 1.0017 0.9988 0.9957    0.5008 0.3513 0.4785 0.8312 0.9729 0.9859 0.9967 0.9933 0.9957 0.9950    0.0065 0.0068 0.0579 0.1222 0.0993 0.0594 0.0340 0.0166 0.0063 0.0014
   197 0.00100000 0.8283 0.8077 0.0412    0.4920 0.3547 0.5045 0.8951 1.0198 1.0160 1.0080 1.0016 0.9975 0.9976    0.4892 0.3513 0.4760 0.8330 0.9698 0.9856 0.9912 0.9933 0.9943 0.9970    0.0057 0.0068 0.0571 0.1241 0.1000 0.0608 0.0336 0.0166 0.0063 0.0014
   198 0.00100000 0.8286 0.8082 0.0408    0.4969 0.3560 0.5036 0.8890 1.0193 1.0200 1.0084 1.0012 0.9977 0.9939    0.4941 0.3526 0.4754 0.8280 0.9699 0.9894 0.9910 0.9929 0.9946 0.9933    0.0056 0.0069 0.0564 0.1221 0.0988 0.0612 0.0346 0.0165 0.0062 0.0013
   199 0.00100000 0.8290 0.8082 0.0417    0.4984 0.3577 0.5072 0.8951 1.0152 1.0239 1.0111 1.0022 0.9936 0.9955    0.4948 0.3540 0.4783 0.8339 0.9657 0.9938 0.9942 0.9938 0.9905 0.9948    0.0072 0.0074 0.0580 0.1225 0.0991 0.0603 0.0339 0.0167 0.0062 0.0014
   200 0.00100000 0.8212 0.8005 0.0413    0.5002 0.3560 0.5022 0.8879 1.0184 1.0174 1.0060 0.9973 0.9976 0.9925    0.4971 0.3524 0.4740 0.8267 0.9683 0.9867 0.9890 0.9890 0.9944 0.9918    0.0063 0.0073 0.0564 0.1225 0.1001 0.0615 0.0339 0.0165 0.0063 0.0013
   201 0.00100000 0.8262 0.8060 0.0406    0.4911 0.3560 0.5048 0.8889 1.0181 1.0148 1.0093 1.0059 0.9987 0.9959    0.4881 0.3526 0.4761 0.8279 0.9689 0.9842 0.9921 0.9976 0.9956 0.9952    0.0060 0.0069 0.0574 0.1221 0.0985 0.0612 0.0345 0.0166 0.0062 0.0014
   202 0.00100000 0.8277 0.8071 0.0414    0.5003 0.3516 0.5121 0.8969 1.0165 1.0170 1.0074 1.0009 0.9983 0.9964    0.4969 0.3486 0.4827 0.8355 0.9667 0.9863 0.9902 0.9925 0.9951 0.9957    0.0067 0.0059 0.0589 0.1228 0.0996 0.0614 0.0345 0.0168 0.0063 0.0014
   203 0.00100000 0.8296 0.8089 0.0415    0.4977 0.3515 0.5065 0.8958 1.0202 1.0201 1.0134 1.0015 0.9948 0.9948    0.4944 0.3481 0.4778 0.8347 0.9704 0.9893 0.9963 0.9933 0.9917 0.9941    0.0066 0.0067 0.0573 0.1222 0.0995 0.0616 0.0341 0.0166 0.0063 0.0014
   204 0.00100000 0.8276 0.8069 0.0412    0.5081 0.3523 0.5072 0.8798 1.0197 1.0181 1.0077 1.0027 1.0006 0.9936    0.5049 0.3491 0.4785 0.8190 0.9704 0.9876 0.9906 0.9943 0.9974 0.9929    0.0064 0.0063 0.0574 0.1217 0.0986 0.0610 0.0342 0.0168 0.0064 0.0014
   205 0.00100000 0.8303 0.8098 0.0408    0.4880 0.3546 0.5073 0.8924 1.0178 1.0199 1.0063 1.0044 0.9998 0.9957    0.4845 0.3511 0.4788 0.8311 0.9683 0.9893 0.9892 0.9961 0.9966 0.9951    0.0070 0.0070 0.0570 0.1226 0.0990 0.0611 0.0342 0.0165 0.0064 0.0013
   206 0.00100000 0.8276 0.8074 0.0402    0.5039 0.3554 0.5116 0.8837 1.0126 1.0182 1.0093 0.9977 0.9964 0.9933    0.5000 0.3519 0.4822 0.8231 0.9630 0.9875 0.9924 0.9894 0.9933 0.9926    0.0078 0.0070 0.0587 0.1212 0.0992 0.0613 0.0340 0.0166 0.0064 0.0014
   207 0.00100000 0.8341 0.8136 0.0411    0.4974 0.3545 0.5074 0.9034 1.0211 1.0158 1.0082 0.9998 0.9946 0.9933    0.4942 0.3513 0.4785 0.8415 0.9717 0.9852 0.9912 0.9915 0.9913 0.9927    0.0066 0.0064 0.0579 0.1237 0.0988 0.0612 0.0340 0.0165 0.0064 0.0014
   208 0.00100000 0.8285 0.8082 0.0405    0.4962 0.3563 0.5051 0.8887 1.0185 1.0126 1.0073 1.0008 0.9986 0.9922    0.4933 0.3529 0.4767 0.8274 0.9690 0.9820 0.9903 0.9925 0.9954 0.9916    0.0059 0.0068 0.0567 0.1225 0.0989 0.0611 0.0340 0.0165 0.0064 0.0012
   209 0.00100000 0.8251 0.8045 0.0411    0.4985 0.3523 0.5025 0.8950 1.0228 1.0175 1.0121 0.9989 0.9925 0.9906    0.4942 0.3490 0.4744 0.8339 0.9735 0.9873 0.9947 0.9907 0.9894 0.9898    0.0087 0.0066 0.0562 0.1223 0.0987 0.0605 0.0346 0.0164 0.0063 0.0015
   210 0.00100000 0.8315 0.8113 0.0406    0.4934 0.3509 0.4990 0.9049 1.0171 1.0204 1.0104 0.9983 0.9971 0.9945    0.4903 0.3479 0.4714 0.8434 0.9677 0.9901 0.9934 0.9901 0.9940 0.9939    0.0063 0.0059 0.0551 0.1232 0.0987 0.0605 0.0339 0.0165 0.0062 0.0013
   211 0.00100000 0.8307 0.8100 0.0414    0.4969 0.3516 0.5013 0.8932 1.0184 1.0196 1.0076 1.0022 0.9958 0.9965    0.4941 0.3482 0.4733 0.8326 0.9688 0.9889 0.9904 0.9938 0.9927 0.9958    0.0057 0.0069 0.0560 0.1212 0.0991 0.0614 0.0344 0.0167 0.0061 0.0014
   212 0.00100000 0.8255 0.8051 0.0408    0.4942 0.3554 0.5060 0.8954 1.0174 1.0133 1.0065 1.0037 0.9958 0.9987    0.4913 0.3520 0.4769 0.8341 0.9678 0.9827 0.9896 0.9953 0.9926 0.9980    0.0059 0.0067 0.0582 0.1225 0.0993 0.0613 0.0338 0.0168 0.0063 0.0013
   213 0.00100000 0.8301 0.8096 0.0410    0.5028 0.3550 0.5072 0.8920 1.0198 1.0168 1.0076 1.0051 0.9967 0.9922    0.5002 0.3520 0.4783 0.8305 0.9708 0.9864 0.9906 0.9968 0.9936 0.9915    0.0053 0.0061 0.0578 0.1229 0.0979 0.0608 0.0340 0.0165 0.0062 0.0013
   214 0.00100000 0.8264 0.8059 0.0408    0.5020 0.3503 0.5002 0.8926 1.0181 1.0225 1.0082 0.9991 0.9993 0.9962    0.4982 0.3471 0.4722 0.8316 0.9689 0.9921 0.9911 0.9907 0.9961 0.9955    0.0076 0.0064 0.0558 0.1220 0.0985 0.0609 0.0342 0.0168 0.0063 0.0015
   215 0.00100000 0.8300 0.8096 0.0407    0.4909 0.3542 0.5054 0.8962 1.0167 1.0189 1.0104 1.0000 0.9983 0.9946    0.4879 0.3510 0.4764 0.8344 0.9677 0.9887 0.9934 0.9916 0.9952 0.9940    0.0060 0.0063 0.0579 0.1235 0.0981 0.0605 0.0341 0.0168 0.0062 0.0013
   216 0.00100000 0.8308 0.8104 0.0408    0.4915 0.3525 0.5085 0.8920 1.0123 1.0145 1.0060 1.0005 0.9933 0.9930    0.4877 0.3494 0.4796 0.8307 0.9635 0.9841 0.9889 0.9920 0.9901 0.9923    0.0076 0.0062 0.0579 0.1226 0.0977 0.0607 0.0342 0.0170 0.0063 0.0014
   217 0.00100000 0.8240 0.8038 0.0404    0.4935 0.3554 0.4923 0.8990 1.0157 1.0141 1.0061 1.0034 0.9987 0.9947    0.4909 0.3521 0.4652 0.8376 0.9664 0.9835 0.9893 0.9950 0.9956 0.9940    0.0053 0.0065 0.0543 0.1229 0.0986 0.0613 0.0336 0.0167 0.0062 0.0014
   218 0.00100000 0.8287 0.8081 0.0412    0.4925 0.3520 0.5054 0.8941 1.0151 1.0156 1.0047 1.0044 0.9953 0.9949    0.4890 0.3485 0.4765 0.8331 0.9655 0.9851 0.9874 0.9960 0.9922 0.9942    0.0071 0.0069 0.0579 0.1219 0.0992 0.0610 0.0345 0.0168 0.0062 0.0014
   219 0.00100000 0.8281 0.8075 0.0413    0.5032 0.3547 0.5027 0.8988 1.0187 1.0213 1.0054 0.9999 0.9961 0.9944    0.4999 0.3513 0.4748 0.8376 0.9689 0.9911 0.9887 0.9916 0.9929 0.9937    0.0065 0.0067 0.0559 0.1224 0.0996 0.0603 0.0334 0.0168 0.0063 0.0014
   220 0.00100000 0.8276 0.8071 0.0408    0.4918 0.3512 0.5111 0.8869 1.0161 1.0190 1.0106 1.0009 0.9944 0.9950    0.4890 0.3480 0.4813 0.8265 0.9668 0.9883 0.9938 0.9926 0.9913 0.9944    0.0055 0.0064 0.0596 0.1209 0.0985 0.0613 0.0335 0.0167 0.0062 0.0013
   221 0.00100000 0.8278 0.8071 0.0413    0.4991 0.3549 0.4947 0.8984 1.0174 1.0210 1.0076 0.9997 0.9983 0.9907    0.4961 0.3515 0.4673 0.8370 0.9681 0.9902 0.9905 0.9913 0.9952 0.9900    0.0060 0.0069 0.0548 0.1227 0.0988 0.0615 0.0341 0.0167 0.0063 0.0014
   222 0.00100000 0.8251 0.8046 0.0409    0.4899 0.3492 0.5136 0.8944 1.0173 1.0206 1.0053 0.9995 0.9956 0.9960    0.4871 0.3460 0.4836 0.8333 0.9679 0.9901 0.9885 0.9912 0.9924 0.9953    0.0056 0.0063 0.0599 0.1222 0.0988 0.0610 0.0336 0.0165 0.0064 0.0013
   223 0.00100000 0.8315 0.8109 0.0412    0.5029 0.3493 0.5005 0.9041 1.0170 1.0174 1.0069 1.0026 1.0024 0.9927    0.4994 0.3462 0.4718 0.8425 0.9671 0.9870 0.9898 0.9943 0.9993 0.9920    0.0069 0.0063 0.0572 0.1232 0.0998 0.0607 0.0343 0.0166 0.0062 0.0014
   224 0.00100000 0.8300 0.8098 0.0404    0.4972 0.3520 0.5003 0.8959 1.0221 1.0146 1.0082 1.0039 0.9953 0.9909    0.4942 0.3490 0.4723 0.8349 0.9727 0.9841 0.9912 0.9956 0.9922 0.9903    0.0060 0.0062 0.0561 0.1220 0.0989 0.0610 0.0340 0.0166 0.0062 0.0013
   225 0.00100000 0.8299 0.8093 0.0412    0.4999 0.3514 0.5000 0.8904 1.0235 1.0241 1.0061 1.0034 0.9961 0.9942    0.4960 0.3480 0.4713 0.8296 0.9740 0.9938 0.9890 0.9952 0.9930 0.9935    0.0078 0.0066 0.0574 0.1215 0.0989 0.0606 0.0343 0.0165 0.0063 0.0014
   226 0.00100000 0.8230 0.8030 0.0400    0.4927 0.3549 0.5063 0.8940 1.0181 1.0174 1.0105 0.9979 0.9952 0.9953    0.4900 0.3518 0.4770 0.8329 0.9690 0.9870 0.9933 0.9895 0.9920 0.9947    0.0054 0.0063 0.0586 0.1223 0.0981 0.0607 0.0343 0.0168 0.0064 0.0013
   227 0.00100000 0.8247 0.8045 0.0403    0.4846 0.3537 0.5032 0.8871 1.0210 1.0166 1.0076 1.0023 0.9948 0.9929    0.4815 0.3509 0.4752 0.8264 0.9718 0.9860 0.9906 0.9939 0.9918 0.9923    0.0062 0.0058 0.0561 0.1214 0.0985 0.0611 0.0340 0.0168 0.0061 0.0014
   228 0.00100000 0.8298 0.8094 0.0408    0.4942 0.3550 0.5139 0.8884 1.0155 1.0154 1.0102 1.0033 0.9962 0.9948    0.4915 0.3521 0.4845 0.8275 0.9659 0.9851 0.9932 0.9950 0.9931 0.9941    0.0054 0.0059 0.0589 0.1218 0.0993 0.0607 0.0340 0.0166 0.0062 0.0013
   229 0.00100000 0.8241 0.8036 0.0411    0.4976 0.3524 0.5026 0.8934 1.0207 1.0154 1.0048 1.0022 0.9973 0.9960    0.4945 0.3491 0.4740 0.8323 0.9714 0.9847 0.9876 0.9938 0.9942 0.9954    0.0061 0.0066 0.0573 0.1223 0.0986 0.0614 0.0343 0.0167 0.0062 0.0013
   230 0.00100000 0.8280 0.8073 0.0415    0.4901 0.3512 0.4916 0.8950 1.0181 1.0191 1.0090 1.0044 1.0007 0.9894    0.4866 0.3479 0.4644 0.8336 0.9683 0.9883 0.9919 0.9960 0.9975 0.9887    0.0068 0.0066 0.0545 0.1228 0.0996 0.0615 0.0342 0.0167 0.0064 0.0013
   231 0.00100000 0.8260 0.8054 0.0413    0.4923 0.3543 0.5042 0.8883 1.0158 1.0177 1.0073 1.0021 0.9984 0.9937    0.4895 0.3514 0.4762 0.8270 0.9668 0.9871 0.9904 0.9938 0.9953 0.9931    0.0055 0.0058 0.0560 0.1227 0.0982 0.0613 0.0338 0.0168 0.0064 0.0013
   232 0.00100000 0.8302 0.8098 0.0409    0.4919 0.3508 0.4999 0.8924 1.0195 1.0164 1.0065 1.0032 0.9924 0.9967    0.4890 0.3476 0.4719 0.8321 0.9701 0.9859 0.9895 0.9949 0.9892 0.9960    0.0059 0.0064 0.0559 0.1207 0.0990 0.0611 0.0339 0.0167 0.0064 0.0013
   233 0.00100000 0.8267 0.8067 0.0399    0.4957 0.3505 0.4894 0.8873 1.0177 1.0170 1.0058 1.0040 0.9936 0.9949    0.4925 0.3470 0.4624 0.8265 0.9683 0.9865 0.9889 0.9955 0.9904 0.9943    0.0064 0.0069 0.0540 0.1217 0.0988 0.0609 0.0338 0.0170 0.0063 0.0013
   234 0.00100000 0.8236 0.8033 0.0406    0.4931 0.3569 0.4990 0.8949 1.0158 1.0185 1.0058 1.0003 0.9977 0.9941    0.4901 0.3536 0.4709 0.8341 0.9660 0.9881 0.9887 0.9919 0.9946 0.9934    0.0061 0.0067 0.0561 0.1218 0.0996 0.0609 0.0342 0.0167 0.0063 0.0013
   235 0.00100000 0.8233 0.8028 0.0410    0.5054 0.3526 0.5027 0.8904 1.0167 1.0141 1.0087 1.0006 0.9915 0.9967    0.5022 0.3494 0.4732 0.8295 0.9671 0.9833 0.9919 0.9924 0.9883 0.9960    0.0064 0.0066 0.0591 0.1218 0.0994 0.0616 0.0337 0.0164 0.0063 0.0014
   236 0.00100000 0.8262 0.8055 0.0413    0.4945 0.3546 0.4982 0.8918 1.0212 1.0199 1.0087 1.0047 0.9976 0.9944    0.4913 0.3510 0.4704 0.8302 0.9714 0.9891 0.9915 0.9965 0.9944 0.9938    0.0064 0.0071 0.0556 0.1231 0.0996 0.0616 0.0343 0.0164 0.0065 0.0014
   237 0.00100000 0.8272 0.8069 0.0405    0.4976 0.3534 0.4984 0.8898 1.0158 1.0130 1.0059 1.0018 0.9965 0.9955    0.4945 0.3504 0.4703 0.8292 0.9665 0.9824 0.9888 0.9936 0.9934 0.9949    0.0063 0.0060 0.0562 0.1212 0.0987 0.0611 0.0343 0.0165 0.0063 0.0013
   238 0.00100000 0.8260 0.8056 0.0409    0.5042 0.3559 0.5013 0.8946 1.0156 1.0176 1.0058 1.0001 0.9984 0.9964    0.5013 0.3526 0.4729 0.8331 0.9663 0.9875 0.9888 0.9917 0.9953 0.9957    0.0059 0.0065 0.0569 0.1229 0.0987 0.0603 0.0341 0.0169 0.0063 0.0013
   239 0.00100000 0.8256 0.8050 0.0412    0.4915 0.3487 0.5012 0.8869 1.0145 1.0170 1.0073 1.0001 0.9986 0.9894    0.4889 0.3452 0.4733 0.8256 0.9654 0.9867 0.9904 0.9918 0.9954 0.9888    0.0052 0.0070 0.0558 0.1227 0.0983 0.0606 0.0339 0.0166 0.0063 0.0013
   240 0.00100000 0.8274 0.8073 0.0403    0.4863 0.3524 0.4947 0.8953 1.0185 1.0205 1.0086 1.0051 0.9970 0.9969    0.4831 0.3493 0.4670 0.8338 0.9695 0.9903 0.9917 0.9968 0.9939 0.9962    0.0064 0.0061 0.0555 0.1230 0.0979 0.0605 0.0339 0.0166 0.0062 0.0013
   241 0.00100000 0.8297 0.8095 0.0403    0.5045 0.3539 0.5033 0.8884 1.0211 1.0170 1.0081 1.0033 1.0017 0.9933    0.5012 0.3504 0.4745 0.8274 0.9718 0.9864 0.9912 0.9949 0.9986 0.9926    0.0066 0.0069 0.0575 0.1219 0.0985 0.0612 0.0338 0.0167 0.0062 0.0014
   242 0.00100000 0.8306 0.8103 0.0407    0.4945 0.3519 0.4994 0.8825 1.0163 1.0221 1.0079 1.0015 0.9977 0.9968    0.4913 0.3488 0.4717 0.8216 0.9668 0.9918 0.9910 0.9932 0.9946 0.9961    0.0065 0.0062 0.0554 0.1217 0.0990 0.0607 0.0338 0.0166 0.0063 0.0013
   243 0.00100000 0.8292 0.8090 0.0404    0.4876 0.3504 0.5023 0.8895 1.0156 1.0201 1.0051 1.0050 0.9949 0.9919    0.4852 0.3473 0.4738 0.8285 0.9659 0.9894 0.9879 0.9965 0.9918 0.9913    0.0048 0.0063 0.0570 0.1220 0.0994 0.0614 0.0345 0.0170 0.0062 0.0013
   244 0.00100000 0.8248 0.8044 0.0407    0.5005 0.3529 0.4999 0.8839 1.0189 1.0169 1.0078 1.0037 0.9985 0.9924    0.4967 0.3498 0.4720 0.8234 0.9693 0.9862 0.9907 0.9954 0.9954 0.9917    0.0078 0.0061 0.0558 0.1210 0.0991 0.0612 0.0340 0.0167 0.0062 0.0014
   245 0.00100000 0.8289 0.8082 0.0414    0.4961 0.3531 0.4997 0.8945 1.0201 1.0216 1.0094 1.0064 1.0013 0.9926    0.4928 0.3493 0.4718 0.8336 0.9704 0.9911 0.9926 0.9982 0.9982 0.9919    0.0067 0.0075 0.0557 0.1217 0.0993 0.0611 0.0336 0.0165 0.0062 0.0013
   246 0.00100000 0.8266 0.8064 0.0405    0.5021 0.3529 0.5025 0.8941 1.0155 1.0153 1.0109 1.0022 0.9971 0.9960    0.4984 0.3499 0.4746 0.8327 0.9659 0.9846 0.9940 0.9939 0.9940 0.9953    0.0072 0.0059 0.0558 0.1228 0.0992 0.0615 0.0338 0.0165 0.0062 0.0014
   247 0.00100000 0.8266 0.8064 0.0404    0.4918 0.3494 0.4995 0.8879 1.0159 1.0178 1.0107 1.0028 0.9956 0.9948    0.4891 0.3466 0.4713 0.8275 0.9668 0.9875 0.9935 0.9946 0.9925 0.9942    0.0055 0.0055 0.0563 0.1208 0.0982 0.0606 0.0344 0.0164 0.0063 0.0013
   248 0.00100000 0.8278 0.8071 0.0413    0.4986 0.3540 0.5017 0.8913 1.0171 1.0189 1.0081 0.9963 0.9939 0.9969    0.4953 0.3510 0.4731 0.8306 0.9681 0.9884 0.9911 0.9881 0.9907 0.9962    0.0066 0.0059 0.0571 0.1213 0.0979 0.0611 0.0340 0.0165 0.0062 0.0013
   249 0.00100000 0.8304 0.8100 0.0408    0.4922 0.3543 0.5020 0.8877 1.0207 1.0175 1.0071 1.0012 0.9990 0.9969    0.4896 0.3513 0.4742 0.8274 0.9716 0.9870 0.9901 0.9927 0.9958 0.9962    0.0052 0.0059 0.0556 0.1204 0.0983 0.0610 0.0340 0.0169 0.0064 0.0014
   250 0.00100000 0.8303 0.8100 0.0405    0.4994 0.3534 0.4981 0.8846 1.0200 1.0166 1.0100 1.0010 0.9966 0.9953    0.4961 0.3505 0.4702 0.8245 0.9709 0.9864 0.9931 0.9928 0.9934 0.9946    0.0067 0.0057 0.0558 0.1203 0.0983 0.0604 0.0337 0.0165 0.0064 0.0013
   251 0.00100000 0.8325 0.8121 0.0407    0.4894 0.3506 0.4963 0.8846 1.0141 1.0185 1.0072 1.0021 0.9961 0.9911    0.4866 0.3476 0.4691 0.8236 0.9649 0.9883 0.9902 0.9938 0.9931 0.9905    0.0057 0.0060 0.0544 0.1220 0.0984 0.0604 0.0339 0.0165 0.0061 0.0013
   252 0.00100000 0.8318 0.8115 0.0407    0.4903 0.3534 0.4973 0.8998 1.0192 1.0161 1.0121 1.0005 1.0002 0.9947    0.4876 0.3505 0.4701 0.8386 0.9697 0.9860 0.9951 0.9921 0.9970 0.9941    0.0054 0.0058 0.0545 0.1224 0.0991 0.0603 0.0340 0.0168 0.0063 0.0013
   253 0.00100000 0.8297 0.8094 0.0406    0.5038 0.3539 0.5068 0.8887 1.0143 1.0170 1.0088 0.9983 0.9978 0.9942    0.5001 0.3509 0.4777 0.8277 0.9647 0.9862 0.9921 0.9900 0.9946 0.9935    0.0073 0.0061 0.0581 0.1221 0.0993 0.0616 0.0333 0.0166 0.0063 0.0013
   254 0.00100000 0.8251 0.8049 0.0404    0.4999 0.3498 0.4996 0.8829 1.0152 1.0201 1.0097 1.0000 0.9954 0.9913    0.4963 0.3468 0.4716 0.8229 0.9658 0.9894 0.9926 0.9918 0.9922 0.9906    0.0071 0.0060 0.0561 0.1199 0.0988 0.0614 0.0342 0.0165 0.0064 0.0013
   255 0.00100000 0.8247 0.8048 0.0397    0.4978 0.3527 0.4966 0.8894 1.0154 1.0200 1.0115 1.0027 0.9928 0.9937    0.4949 0.3495 0.4694 0.8286 0.9658 0.9897 0.9945 0.9943 0.9897 0.9931    0.0058 0.0065 0.0544 0.1217 0.0991 0.0606 0.0340 0.0169 0.0061 0.0013
   256 0.00100000 0.8280 0.8077 0.0405    0.4928 0.3493 0.4982 0.8906 1.0201 1.0177 1.0051 1.0016 0.9977 0.9938    0.4898 0.3464 0.4706 0.8302 0.9707 0.9871 0.9881 0.9933 0.9944 0.9932    0.0059 0.0058 0.0551 0.1207 0.0989 0.0613 0.0341 0.0168 0.0065 0.0014
   257 0.00100000 0.8279 0.8076 0.0405    0.5014 0.3509 0.4996 0.8852 1.0181 1.0166 1.0068 1.0003 0.9974 0.9925    0.4981 0.3478 0.4717 0.8243 0.9686 0.9863 0.9897 0.9920 0.9943 0.9919    0.0067 0.0064 0.0558 0.1217 0.0990 0.0605 0.0341 0.0166 0.0062 0.0013
   258 0.00100000 0.8269 0.8062 0.0413    0.4955 0.3493 0.5078 0.8938 1.0193 1.0212 1.0055 1.0028 0.9949 0.9929    0.4924 0.3463 0.4788 0.8330 0.9700 0.9907 0.9885 0.9945 0.9918 0.9923    0.0061 0.0060 0.0580 0.1217 0.0987 0.0610 0.0341 0.0167 0.0062 0.0013
   259 0.00100000 0.8311 0.8106 0.0410    0.4977 0.3495 0.4914 0.8868 1.0204 1.0171 1.0108 1.0071 0.9979 0.9944    0.4948 0.3467 0.4639 0.8261 0.9713 0.9867 0.9938 0.9987 0.9948 0.9937    0.0059 0.0057 0.0550 0.1214 0.0983 0.0609 0.0340 0.0168 0.0063 0.0014
   260 0.00100000 0.8275 0.8068 0.0414    0.5063 0.3490 0.4966 0.8914 1.0176 1.0201 1.0081 0.9989 0.9955 1.0012    0.5024 0.3457 0.4686 0.8301 0.9683 0.9893 0.9912 0.9905 0.9924 1.0005    0.0078 0.0066 0.0560 0.1227 0.0986 0.0617 0.0338 0.0167 0.0063 0.0015
   261 0.00100000 0.8162 0.7964 0.0396    0.4878 0.3515 0.4954 0.8844 1.0148 1.0187 1.0067 1.0018 0.9952 0.9937    0.4854 0.3483 0.4679 0.8239 0.9658 0.9887 0.9900 0.9936 0.9921 0.9931    0.0047 0.0063 0.0548 0.1209 0.0979 0.0601 0.0333 0.0164 0.0063 0.0013
   262 0.00100000 0.8244 0.8038 0.0413    0.4949 0.3539 0.4978 0.8814 1.0179 1.0182 1.0091 1.0002 0.9955 0.9982    0.4914 0.3504 0.4701 0.8210 0.9678 0.9880 0.9922 0.9918 0.9924 0.9975    0.0071 0.0069 0.0555 0.1208 0.1002 0.0605 0.0338 0.0168 0.0062 0.0014
   263 0.00100000 0.8291 0.8086 0.0410    0.4928 0.3523 0.4978 0.9001 1.0193 1.0171 1.0097 1.0018 0.9959 0.9987    0.4902 0.3489 0.4703 0.8398 0.9701 0.9867 0.9927 0.9934 0.9927 0.9980    0.0052 0.0069 0.0551 0.1205 0.0985 0.0608 0.0340 0.0168 0.0064 0.0013
   264 0.00100000 0.8273 0.8069 0.0408    0.4953 0.3527 0.5014 0.8869 1.0142 1.0182 1.0109 0.9987 0.9944 0.9969    0.4929 0.3495 0.4730 0.8262 0.9649 0.9879 0.9939 0.9904 0.9913 0.9962    0.0049 0.0063 0.0569 0.1214 0.0985 0.0606 0.0340 0.0166 0.0062 0.0013
   265 0.00100000 0.8272 0.8065 0.0412    0.5068 0.3521 0.4966 0.8904 1.0182 1.0174 1.0124 0.9989 0.9969 0.9902    0.5032 0.3489 0.4687 0.8297 0.9688 0.9872 0.9953 0.9905 0.9938 0.9895    0.0071 0.0064 0.0557 0.1215 0.0988 0.0604 0.0343 0.0167 0.0063 0.0013
   266 0.00100000 0.8267 0.8070 0.0394    0.4962 0.3517 0.4976 0.8806 1.0174 1.0193 1.0065 1.0000 0.9995 0.9973    0.4936 0.3486 0.4702 0.8203 0.9681 0.9884 0.9898 0.9918 0.9964 0.9966    0.0051 0.0063 0.0548 0.1206 0.0986 0.0618 0.0335 0.0164 0.0062 0.0013
   267 0.00100000 0.8221 0.8015 0.0412    0.4961 0.3509 0.4966 0.8880 1.0211 1.0149 1.0067 1.0005 1.0000 0.9956    0.4932 0.3479 0.4692 0.8276 0.9716 0.9844 0.9899 0.9922 0.9969 0.9949    0.0058 0.0059 0.0548 0.1209 0.0989 0.0610 0.0337 0.0166 0.0062 0.0013
   268 0.00100000 0.8349 0.8145 0.0408    0.4946 0.3477 0.5036 0.8890 1.0177 1.0187 1.0127 1.0030 0.9932 0.9985    0.4912 0.3447 0.4753 0.8287 0.9682 0.9888 0.9956 0.9947 0.9900 0.9978    0.0069 0.0060 0.0566 0.1206 0.0990 0.0599 0.0343 0.0167 0.0063 0.0014
   269 0.00100000 0.8308 0.8104 0.0407    0.4981 0.3534 0.5011 0.8908 1.0193 1.0159 1.0050 0.9994 1.0006 0.9925    0.4952 0.3502 0.4730 0.8302 0.9699 0.9854 0.9881 0.9910 0.9975 0.9919    0.0058 0.0065 0.0562 0.1214 0.0988 0.0609 0.0338 0.0169 0.0063 0.0013
   270 0.00100000 0.8199 0.7997 0.0405    0.4898 0.3505 0.5036 0.8863 1.0175 1.0186 1.0084 0.9975 0.9981 0.9943    0.4867 0.3471 0.4759 0.8261 0.9679 0.9877 0.9913 0.9891 0.9950 0.9936    0.0063 0.0069 0.0555 0.1204 0.0991 0.0616 0.0341 0.0168 0.0063 0.0013
   271 0.00100000 0.8275 0.8077 0.0397    0.5011 0.3504 0.4910 0.8871 1.0199 1.0192 1.0078 1.0069 0.9966 0.9951    0.4980 0.3474 0.4641 0.8264 0.9705 0.9890 0.9908 0.9987 0.9934 0.9944    0.0062 0.0061 0.0537 0.1214 0.0988 0.0604 0.0342 0.0164 0.0063 0.0012
   272 0.00100000 0.8299 0.8095 0.0409    0.4862 0.3483 0.5009 0.8891 1.0192 1.0187 1.0104 1.0013 0.9977 0.9958    0.4841 0.3456 0.4728 0.8283 0.9701 0.9884 0.9934 0.9930 0.9946 0.9952    0.0041 0.0054 0.0561 0.1216 0.0984 0.0605 0.0338 0.0166 0.0063 0.0013
   273 0.00100000 0.8294 0.8087 0.0414    0.4930 0.3510 0.5054 0.8862 1.0157 1.0187 1.0092 0.9998 0.9954 0.9943    0.4893 0.3477 0.4769 0.8252 0.9665 0.9885 0.9924 0.9915 0.9923 0.9936    0.0075 0.0065 0.0569 0.1220 0.0985 0.0604 0.0337 0.0166 0.0063 0.0014
   274 0.00100000 0.8267 0.8060 0.0414    0.4974 0.3515 0.4998 0.8902 1.0128 1.0141 1.0083 1.0025 0.9936 0.9924    0.4942 0.3483 0.4717 0.8296 0.9632 0.9837 0.9912 0.9943 0.9904 0.9918    0.0063 0.0064 0.0561 0.1212 0.0992 0.0607 0.0342 0.0164 0.0064 0.0013
   275 0.00100000 0.8297 0.8097 0.0400    0.4989 0.3552 0.4911 0.8858 1.0192 1.0177 1.0078 1.0006 0.9971 1.0008    0.4964 0.3520 0.4644 0.8248 0.9699 0.9869 0.9910 0.9924 0.9939 1.0002    0.0052 0.0065 0.0534 0.1221 0.0986 0.0617 0.0335 0.0165 0.0062 0.0013
   276 0.00100000 0.8317 0.8114 0.0405    0.4975 0.3540 0.4955 0.8907 1.0171 1.0191 1.0082 1.0031 0.9959 0.9940    0.4942 0.3507 0.4679 0.8300 0.9679 0.9886 0.9914 0.9949 0.9928 0.9934    0.0066 0.0068 0.0552 0.1214 0.0984 0.0610 0.0336 0.0163 0.0063 0.0013
   277 0.00100000 0.8307 0.8108 0.0398    0.4923 0.3524 0.4934 0.8838 1.0157 1.0205 1.0116 1.0012 1.0011 0.9966    0.4897 0.3496 0.4665 0.8233 0.9666 0.9902 0.9945 0.9930 0.9979 0.9960    0.0053 0.0056 0.0538 0.1210 0.0983 0.0606 0.0343 0.0165 0.0063 0.0012
   278 0.00100000 0.8322 0.8116 0.0414    0.5064 0.3527 0.5035 0.8959 1.0198 1.0176 1.0068 1.0034 0.9949 0.9925    0.5033 0.3493 0.4750 0.8351 0.9704 0.9873 0.9898 0.9950 0.9918 0.9918    0.0063 0.0068 0.0569 0.1217 0.0987 0.0606 0.0339 0.0169 0.0062 0.0014
   279 0.00100000 0.8294 0.8087 0.0414    0.4948 0.3512 0.5032 0.8865 1.0165 1.0158 1.0089 1.0005 1.0014 0.9951    0.4922 0.3483 0.4747 0.8255 0.9673 0.9852 0.9918 0.9921 0.9984 0.9945    0.0053 0.0058 0.0570 0.1219 0.0983 0.0612 0.0344 0.0167 0.0061 0.0013
   280 0.00100000 0.8374 0.8163 0.0421    0.5020 0.3542 0.4968 0.8887 1.0164 1.0165 1.0112 1.0054 0.9989 0.9921    0.4980 0.3510 0.4682 0.8277 0.9665 0.9863 0.9942 0.9970 0.9957 0.9915    0.0080 0.0064 0.0570 0.1221 0.0997 0.0604 0.0339 0.0168 0.0065 0.0014
   281 0.00100000 0.8299 0.8101 0.0397    0.4953 0.3494 0.5029 0.8867 1.0141 1.0132 1.0066 0.9998 1.0010 0.9938    0.4924 0.3464 0.4744 0.8260 0.9643 0.9828 0.9897 0.9914 0.9979 0.9932    0.0058 0.0060 0.0569 0.1214 0.0996 0.0607 0.0336 0.0168 0.0063 0.0013
   282 0.00100000 0.8265 0.8062 0.0406    0.5086 0.3524 0.4924 0.8859 1.0182 1.0182 1.0067 1.0001 0.9974 0.9970    0.5055 0.3493 0.4653 0.8250 0.9690 0.9880 0.9898 0.9918 0.9942 0.9963    0.0063 0.0061 0.0543 0.1216 0.0983 0.0604 0.0338 0.0166 0.0064 0.0013
   283 0.00100000 0.8254 0.8048 0.0413    0.4899 0.3505 0.5029 0.8887 1.0206 1.0166 1.0110 1.0047 0.9945 0.9950    0.4873 0.3476 0.4743 0.8281 0.9715 0.9863 0.9940 0.9964 0.9913 0.9943    0.0052 0.0058 0.0572 0.1213 0.0983 0.0606 0.0339 0.0164 0.0063 0.0013
   284 0.00100000 0.8273 0.8068 0.0411    0.4871 0.3507 0.4935 0.8946 1.0141 1.0152 1.0068 1.0032 0.9988 0.9913    0.4838 0.3472 0.4655 0.8340 0.9644 0.9847 0.9898 0.9949 0.9957 0.9907    0.0066 0.0069 0.0559 0.1212 0.0993 0.0610 0.0341 0.0166 0.0062 0.0013
   285 0.00100000 0.8243 0.8045 0.0396    0.5032 0.3505 0.4966 0.8844 1.0148 1.0196 1.0104 1.0040 0.9974 0.9912    0.5003 0.3471 0.4685 0.8240 0.9655 0.9890 0.9933 0.9957 0.9943 0.9906    0.0058 0.0068 0.0562 0.1206 0.0987 0.0612 0.0342 0.0168 0.0063 0.0013
   286 0.00100000 0.8279 0.8073 0.0411    0.5000 0.3483 0.4992 0.8943 1.0143 1.0201 1.0097 0.9990 0.9939 0.9938    0.4972 0.3453 0.4708 0.8338 0.9654 0.9897 0.9927 0.9906 0.9909 0.9932    0.0057 0.0061 0.0568 0.1212 0.0979 0.0609 0.0340 0.0168 0.0060 0.0013
   287 0.00100000 0.8215 0.8016 0.0396    0.4886 0.3506 0.4900 0.8817 1.0187 1.0147 1.0084 1.0039 0.9936 0.9951    0.4860 0.3473 0.4626 0.8213 0.9697 0.9841 0.9917 0.9958 0.9904 0.9945    0.0052 0.0066 0.0547 0.1207 0.0980 0.0612 0.0333 0.0163 0.0063 0.0012
   288 0.00100000 0.8301 0.8102 0.0398    0.4942 0.3500 0.4941 0.8837 1.0176 1.0201 1.0053 0.9991 0.9950 0.9959    0.4912 0.3473 0.4671 0.8235 0.9684 0.9894 0.9882 0.9906 0.9919 0.9953    0.0060 0.0054 0.0541 0.1205 0.0984 0.0614 0.0342 0.0169 0.0062 0.0012
   289 0.00100000 0.8324 0.8117 0.0414    0.5009 0.3519 0.5031 0.8864 1.0163 1.0219 1.0100 1.0013 0.9981 0.9985    0.4980 0.3489 0.4744 0.8259 0.9671 0.9916 0.9929 0.9930 0.9950 0.9979    0.0057 0.0059 0.0573 0.1210 0.0985 0.0606 0.0340 0.0166 0.0062 0.0013
   290 0.00100000 0.8270 0.8067 0.0407    0.5043 0.3502 0.4890 0.8869 1.0217 1.0207 1.0092 1.0007 0.9983 0.9934    0.5011 0.3472 0.4620 0.8262 0.9723 0.9902 0.9921 0.9925 0.9952 0.9927    0.0065 0.0061 0.0540 0.1212 0.0988 0.0609 0.0342 0.0164 0.0063 0.0014
   291 0.00100000 0.8267 0.8065 0.0404    0.4980 0.3514 0.4946 0.8902 1.0137 1.0199 1.0067 0.9996 0.9961 0.9922    0.4953 0.3483 0.4673 0.8294 0.9636 0.9899 0.9896 0.9913 0.9930 0.9915    0.0054 0.0061 0.0546 0.1215 0.1004 0.0599 0.0343 0.0167 0.0063 0.0013
   292 0.00100000 0.8285 0.8084 0.0402    0.4946 0.3531 0.4929 0.8874 1.0178 1.0157 1.0064 1.0002 0.9984 0.9922    0.4920 0.3501 0.4660 0.8266 0.9683 0.9854 0.9893 0.9918 0.9952 0.9915    0.0053 0.0060 0.0539 0.1217 0.0991 0.0607 0.0341 0.0167 0.0064 0.0013
   293 0.00100000 0.8284 0.8084 0.0401    0.4900 0.3523 0.4926 0.8866 1.0132 1.0229 1.0081 1.0051 0.9983 0.9939    0.4874 0.3491 0.4657 0.8259 0.9633 0.9927 0.9910 0.9967 0.9951 0.9933    0.0052 0.0064 0.0539 0.1215 0.0998 0.0603 0.0343 0.0167 0.0064 0.0012
   294 0.00100000 0.8341 0.8132 0.0418    0.4953 0.3496 0.4984 0.8911 1.0162 1.0163 1.0054 1.0003 0.9995 0.9978    0.4920 0.3464 0.4696 0.8299 0.9669 0.9856 0.9884 0.9921 0.9964 0.9971    0.0066 0.0064 0.0575 0.1224 0.0986 0.0614 0.0340 0.0164 0.0062 0.0013
   295 0.00100000 0.8217 0.8010 0.0413    0.4971 0.3480 0.4920 0.8867 1.0153 1.0152 1.0067 1.0021 0.9911 0.9919    0.4942 0.3449 0.4648 0.8265 0.9661 0.9847 0.9897 0.9936 0.9880 0.9913    0.0058 0.0062 0.0543 0.1204 0.0985 0.0611 0.0339 0.0169 0.0062 0.0014
   296 0.00100000 0.8305 0.8104 0.0404    0.4953 0.3505 0.4905 0.8829 1.0200 1.0191 1.0096 0.9988 0.9952 0.9932    0.4928 0.3473 0.4634 0.8227 0.9704 0.9887 0.9925 0.9904 0.9921 0.9925    0.0051 0.0064 0.0541 0.1204 0.0991 0.0607 0.0341 0.0167 0.0061 0.0013
   297 0.00100000 0.8218 0.8019 0.0398    0.4855 0.3512 0.4988 0.8909 1.0186 1.0163 1.0059 0.9946 0.9961 0.9920    0.4828 0.3483 0.4707 0.8303 0.9696 0.9858 0.9890 0.9864 0.9930 0.9914    0.0053 0.0057 0.0563 0.1211 0.0980 0.0610 0.0338 0.0164 0.0061 0.0013
   298 0.00100000 0.8257 0.8056 0.0404    0.4898 0.3515 0.4909 0.8833 1.0142 1.0199 1.0106 1.0001 0.9986 0.9994    0.4873 0.3486 0.4633 0.8233 0.9650 0.9892 0.9935 0.9918 0.9955 0.9988    0.0051 0.0057 0.0553 0.1200 0.0984 0.0612 0.0341 0.0167 0.0063 0.0012
   299 0.00100000 0.8288 0.8082 0.0411    0.5042 0.3453 0.4980 0.8857 1.0160 1.0148 1.0118 1.0005 0.9965 0.9954    0.5013 0.3422 0.4702 0.8249 0.9668 0.9843 0.9948 0.9921 0.9934 0.9948    0.0058 0.0061 0.0556 0.1216 0.0985 0.0608 0.0340 0.0167 0.0062 0.0013
   300 0.00100000 0.8225 0.8027 0.0397    0.4969 0.3497 0.4912 0.8835 1.0188 1.0206 1.0077 1.0035 0.9940 0.9921    0.4942 0.3467 0.4646 0.8233 0.9695 0.9897 0.9907 0.9951 0.9908 0.9914    0.0053 0.0060 0.0532 0.1204 0.0986 0.0616 0.0341 0.0167 0.0063 0.0013
   301 0.00100000 0.8305 0.8099 0.0411    0.5014 0.3503 0.5000 0.8953 1.0205 1.0163 1.0094 1.0007 0.9953 0.9916    0.4985 0.3473 0.4719 0.8343 0.9714 0.9860 0.9925 0.9925 0.9922 0.9909    0.0059 0.0060 0.0562 0.1219 0.0982 0.0607 0.0338 0.0165 0.0063 0.0013
   302 0.00100000 0.8298 0.8094 0.0409    0.4936 0.3513 0.4959 0.8834 1.0161 1.0136 1.0051 1.0033 0.9975 0.9944    0.4906 0.3485 0.4681 0.8229 0.9665 0.9831 0.9881 0.9950 0.9944 0.9938    0.0059 0.0057 0.0556 0.1211 0.0992 0.0610 0.0340 0.0166 0.0063 0.0013
   303 0.00100000 0.8202 0.7999 0.0407    0.4966 0.3495 0.4939 0.8838 1.0153 1.0135 1.0069 1.0035 0.9975 0.9960    0.4938 0.3469 0.4667 0.8237 0.9659 0.9832 0.9902 0.9951 0.9944 0.9954    0.0056 0.0052 0.0544 0.1202 0.0987 0.0606 0.0335 0.0168 0.0062 0.0013
   304 0.00100000 0.8245 0.8040 0.0410    0.4971 0.3498 0.4897 0.8819 1.0194 1.0145 1.0041 0.9972 0.9963 0.9955    0.4943 0.3465 0.4625 0.8212 0.9701 0.9841 0.9870 0.9889 0.9931 0.9948    0.0056 0.0064 0.0544 0.1213 0.0986 0.0608 0.0341 0.0166 0.0064 0.0013
   305 0.00100000 0.8249 0.8048 0.0402    0.5008 0.3492 0.4930 0.8780 1.0142 1.0178 1.0107 1.0000 0.9953 0.9912    0.4984 0.3461 0.4665 0.8181 0.9652 0.9875 0.9938 0.9918 0.9921 0.9906    0.0047 0.0062 0.0530 0.1199 0.0981 0.0607 0.0339 0.0164 0.0064 0.0013
   306 0.00100000 0.8286 0.8086 0.0401    0.4943 0.3534 0.4968 0.8860 1.0179 1.0211 1.0049 1.0033 0.9980 0.9955    0.4916 0.3501 0.4689 0.8256 0.9684 0.9905 0.9880 0.9949 0.9949 0.9949    0.0053 0.0065 0.0558 0.1208 0.0990 0.0611 0.0336 0.0169 0.0061 0.0012
   307 0.00100000 0.8222 0.8021 0.0402    0.4972 0.3495 0.4958 0.8789 1.0187 1.0170 1.0168 1.0068 0.9938 0.9990    0.4943 0.3467 0.4682 0.8190 0.9694 0.9864 0.9999 0.9984 0.9907 0.9983    0.0058 0.0056 0.0552 0.1199 0.0985 0.0612 0.0338 0.0166 0.0061 0.0013
   308 0.00100000 0.8201 0.8000 0.0402    0.4970 0.3525 0.4952 0.8842 1.0223 1.0163 1.0098 0.9982 0.9968 0.9942    0.4940 0.3489 0.4677 0.8233 0.9734 0.9857 0.9928 0.9899 0.9936 0.9936    0.0059 0.0073 0.0550 0.1218 0.0980 0.0613 0.0339 0.0166 0.0062 0.0012
   309 0.00100000 0.8322 0.8119 0.0405    0.4917 0.3497 0.4951 0.8918 1.0125 1.0178 1.0086 1.0028 0.9964 0.9963    0.4892 0.3467 0.4681 0.8309 0.9633 0.9874 0.9916 0.9947 0.9933 0.9956    0.0049 0.0059 0.0540 0.1217 0.0984 0.0608 0.0340 0.0162 0.0064 0.0013
   310 0.00100000 0.8215 0.8009 0.0412    0.4983 0.3477 0.4992 0.8965 1.0145 1.0194 1.0081 1.0010 0.9980 0.9945    0.4949 0.3442 0.4715 0.8353 0.9649 0.9891 0.9914 0.9927 0.9949 0.9938    0.0069 0.0070 0.0553 0.1224 0.0992 0.0606 0.0334 0.0167 0.0062 0.0015
   311 0.00100000 0.8264 0.8060 0.0408    0.4885 0.3504 0.4948 0.8916 1.0162 1.0196 1.0095 0.9997 0.9927 0.9968    0.4861 0.3476 0.4675 0.8307 0.9664 0.9890 0.9926 0.9913 0.9896 0.9962    0.0049 0.0057 0.0548 0.1219 0.0994 0.0612 0.0340 0.0167 0.0062 0.0013
   312 0.00100000 0.8231 0.8029 0.0405    0.4789 0.3495 0.4942 0.8854 1.0183 1.0171 1.0091 0.9999 0.9996 0.9966    0.4769 0.3465 0.4668 0.8249 0.9688 0.9868 0.9919 0.9915 0.9965 0.9960    0.0040 0.0058 0.0548 0.1210 0.0989 0.0605 0.0344 0.0167 0.0062 0.0013
   313 0.00100000 0.8260 0.8054 0.0411    0.4944 0.3512 0.4903 0.8855 1.0179 1.0229 1.0072 1.0008 0.9968 0.9958    0.4903 0.3480 0.4627 0.8258 0.9683 0.9923 0.9904 0.9925 0.9936 0.9950    0.0083 0.0064 0.0552 0.1195 0.0993 0.0613 0.0336 0.0165 0.0065 0.0015
   314 0.00100000 0.8248 0.8047 0.0401    0.4932 0.3481 0.4888 0.8971 1.0234 1.0199 1.0066 1.0033 0.9952 0.9948    0.4910 0.3450 0.4624 0.8365 0.9743 0.9893 0.9894 0.9950 0.9921 0.9942    0.0044 0.0060 0.0529 0.1212 0.0981 0.0611 0.0343 0.0166 0.0061 0.0012
   315 0.00100000 0.8222 0.8022 0.0400    0.5026 0.3470 0.4973 0.8870 1.0165 1.0195 1.0107 0.9980 0.9954 0.9888    0.4997 0.3443 0.4696 0.8261 0.9670 0.9892 0.9938 0.9897 0.9923 0.9881    0.0059 0.0054 0.0553 0.1218 0.0989 0.0606 0.0339 0.0167 0.0062 0.0013
   316 0.00100000 0.8299 0.8099 0.0401    0.4921 0.3482 0.4985 0.8878 1.0176 1.0158 1.0116 1.0001 0.9939 0.9982    0.4895 0.3451 0.4704 0.8275 0.9685 0.9856 0.9946 0.9917 0.9907 0.9976    0.0053 0.0061 0.0563 0.1206 0.0982 0.0604 0.0339 0.0169 0.0064 0.0013
   317 0.00100000 0.8246 0.8042 0.0408    0.5015 0.3492 0.4948 0.8828 1.0167 1.0195 1.0106 0.9985 0.9997 0.9924    0.4985 0.3461 0.4674 0.8224 0.9669 0.9893 0.9935 0.9902 0.9965 0.9918    0.0061 0.0063 0.0547 0.1209 0.0997 0.0605 0.0343 0.0167 0.0063 0.0013
   318 0.00100000 0.8275 0.8074 0.0402    0.4874 0.3498 0.4975 0.8833 1.0200 1.0198 1.0065 1.0018 0.9951 0.9956    0.4846 0.3468 0.4702 0.8236 0.9706 0.9888 0.9895 0.9935 0.9920 0.9949    0.0055 0.0059 0.0546 0.1194 0.0987 0.0620 0.0339 0.0167 0.0063 0.0013
   319 0.00100000 0.8292 0.8094 0.0396    0.4896 0.3495 0.4922 0.8842 1.0161 1.0185 1.0089 0.9978 0.9972 0.9940    0.4869 0.3466 0.4652 0.8235 0.9662 0.9879 0.9918 0.9894 0.9940 0.9933    0.0055 0.0058 0.0541 0.1214 0.0997 0.0612 0.0342 0.0168 0.0063 0.0014
   320 0.00100000 0.8275 0.8078 0.0392    0.4965 0.3507 0.4989 0.8967 1.0167 1.0211 1.0117 1.0012 0.9949 0.9913    0.4940 0.3475 0.4709 0.8359 0.9676 0.9908 0.9947 0.9929 0.9918 0.9907    0.0049 0.0063 0.0559 0.1217 0.0982 0.0607 0.0338 0.0165 0.0062 0.0013
   321 0.00100000 0.8297 0.8092 0.0409    0.4922 0.3492 0.4951 0.8844 1.0196 1.0186 1.0042 1.0017 0.9981 0.9916    0.4899 0.3460 0.4679 0.8243 0.9699 0.9883 0.9872 0.9934 0.9950 0.9910    0.0046 0.0064 0.0543 0.1201 0.0995 0.0607 0.0340 0.0165 0.0062 0.0013
   322 0.00100000 0.8268 0.8061 0.0414    0.4986 0.3512 0.5030 0.8854 1.0140 1.0204 1.0105 0.9992 0.9974 0.9928    0.4953 0.3481 0.4750 0.8249 0.9647 0.9897 0.9935 0.9909 0.9943 0.9922    0.0065 0.0062 0.0561 0.1209 0.0987 0.0614 0.0341 0.0166 0.0063 0.0013
   323 0.00100000 0.8242 0.8040 0.0405    0.4910 0.3516 0.4876 0.8842 1.0186 1.0227 1.0083 0.9983 0.9986 0.9950    0.4887 0.3480 0.4610 0.8238 0.9692 0.9921 0.9913 0.9899 0.9955 0.9943    0.0046 0.0071 0.0533 0.1208 0.0988 0.0612 0.0341 0.0168 0.0062 0.0013
   324 0.00100000 0.8288 0.8090 0.0396    0.4868 0.3493 0.4942 0.8921 1.0188 1.0156 1.0091 1.0008 0.9985 0.9947    0.4837 0.3459 0.4667 0.8315 0.9697 0.9849 0.9921 0.9925 0.9954 0.9940    0.0061 0.0068 0.0549 0.1211 0.0982 0.0614 0.0340 0.0166 0.0063 0.0013
   325 0.00100000 0.8186 0.7985 0.0402    0.4958 0.3489 0.4918 0.8828 1.0191 1.0177 1.0056 0.9992 0.9969 0.9963    0.4931 0.3458 0.4646 0.8228 0.9693 0.9875 0.9885 0.9911 0.9938 0.9957    0.0055 0.0062 0.0545 0.1201 0.0996 0.0604 0.0340 0.0164 0.0063 0.0013
   326 0.00100000 0.8253 0.8051 0.0403    0.4884 0.3470 0.4898 0.8907 1.0182 1.0189 1.0095 1.0020 0.9963 0.9953    0.4860 0.3443 0.4621 0.8299 0.9691 0.9887 0.9926 0.9938 0.9932 0.9946    0.0047 0.0055 0.0554 0.1215 0.0981 0.0606 0.0338 0.0164 0.0062 0.0013
   327 0.00100000 0.8299 0.8094 0.0411    0.4908 0.3500 0.4995 0.8892 1.0144 1.0208 1.0107 0.9967 0.9989 0.9940    0.4877 0.3471 0.4716 0.8286 0.9650 0.9901 0.9938 0.9884 0.9958 0.9933    0.0061 0.0057 0.0559 0.1213 0.0988 0.0614 0.0338 0.0167 0.0062 0.0014
   328 0.00100000 0.8266 0.8068 0.0396    0.5004 0.3483 0.4938 0.8753 1.0130 1.0227 1.0099 0.9993 0.9973 0.9947    0.4972 0.3453 0.4665 0.8150 0.9636 0.9921 0.9931 0.9911 0.9942 0.9941    0.0063 0.0061 0.0545 0.1205 0.0990 0.0611 0.0335 0.0164 0.0062 0.0013
   329 0.00100000 0.8310 0.8107 0.0404    0.4873 0.3475 0.4936 0.8948 1.0160 1.0144 1.0114 1.0024 1.0009 0.9945    0.4852 0.3445 0.4667 0.8333 0.9668 0.9841 0.9943 0.9942 0.9977 0.9939    0.0044 0.0060 0.0538 0.1230 0.0984 0.0607 0.0343 0.0163 0.0063 0.0013
   330 0.00100000 0.8255 0.8054 0.0402    0.4877 0.3519 0.4935 0.8809 1.0220 1.0199 1.0061 0.9968 0.9993 0.9967    0.4844 0.3483 0.4659 0.8209 0.9723 0.9894 0.9890 0.9884 0.9961 0.9961    0.0066 0.0072 0.0552 0.1199 0.0993 0.0611 0.0342 0.0168 0.0064 0.0014
   331 0.00100000 0.8284 0.8078 0.0412    0.4957 0.3540 0.4931 0.8901 1.0215 1.0181 1.0076 0.9979 0.9953 0.9899    0.4929 0.3510 0.4660 0.8297 0.9725 0.9876 0.9904 0.9896 0.9921 0.9893    0.0057 0.0061 0.0542 0.1207 0.0980 0.0610 0.0343 0.0166 0.0063 0.0012
   332 0.00100000 0.8271 0.8063 0.0414    0.4956 0.3486 0.4858 0.8811 1.0114 1.0168 1.0113 0.9993 0.9957 0.9952    0.4927 0.3458 0.4589 0.8211 0.9616 0.9865 0.9942 0.9912 0.9926 0.9946    0.0059 0.0055 0.0538 0.1200 0.0997 0.0606 0.0341 0.0162 0.0063 0.0012
   333 0.00100000 0.8232 0.8028 0.0407    0.4975 0.3493 0.4955 0.8865 1.0166 1.0220 1.0113 1.0020 0.9982 0.9962    0.4946 0.3462 0.4679 0.8260 0.9672 0.9916 0.9946 0.9935 0.9951 0.9955    0.0059 0.0062 0.0552 0.1209 0.0989 0.0608 0.0334 0.0170 0.0062 0.0013
   334 0.00100000 0.8193 0.7990 0.0405    0.4890 0.3485 0.4992 0.8882 1.0134 1.0196 1.0082 0.9994 0.9957 0.9957    0.4864 0.3453 0.4715 0.8274 0.9638 0.9894 0.9913 0.9912 0.9925 0.9950    0.0052 0.0063 0.0554 0.1216 0.0993 0.0605 0.0336 0.0165 0.0065 0.0013
   335 0.00100000 0.8282 0.8080 0.0404    0.5023 0.3485 0.4850 0.8801 1.0236 1.0167 1.0103 0.9961 0.9937 0.9926    0.4988 0.3445 0.4584 0.8201 0.9740 0.9861 0.9932 0.9880 0.9905 0.9920    0.0070 0.0080 0.0533 0.1200 0.0990 0.0611 0.0342 0.0162 0.0064 0.0013
   336 0.00100000 0.8188 0.7989 0.0397    0.4918 0.3484 0.4840 0.8792 1.0187 1.0181 1.0101 1.0008 0.9997 0.9941    0.4892 0.3455 0.4584 0.8197 0.9699 0.9880 0.9932 0.9925 0.9965 0.9934    0.0051 0.0058 0.0512 0.1189 0.0975 0.0603 0.0337 0.0166 0.0062 0.0013
   337 0.00100000 0.8257 0.8056 0.0402    0.4872 0.3514 0.4881 0.8853 1.0195 1.0201 1.0079 1.0001 0.9971 0.9908    0.4842 0.3480 0.4616 0.8246 0.9702 0.9895 0.9913 0.9918 0.9939 0.9901    0.0060 0.0068 0.0530 0.1214 0.0987 0.0612 0.0332 0.0165 0.0064 0.0013
   338 0.00100000 0.8282 0.8076 0.0412    0.5070 0.3515 0.5027 0.8822 1.0164 1.0158 1.0058 1.0017 0.9997 0.9905    0.5039 0.3480 0.4743 0.8222 0.9665 0.9856 0.9887 0.9935 0.9965 0.9898    0.0061 0.0070 0.0569 0.1200 0.0999 0.0604 0.0342 0.0164 0.0064 0.0013
   339 0.00100000 0.8237 0.8038 0.0398    0.4869 0.3489 0.4986 0.8827 1.0209 1.0179 1.0060 1.0012 0.9995 0.9977    0.4847 0.3459 0.4710 0.8230 0.9718 0.9874 0.9891 0.9930 0.9963 0.9971    0.0045 0.0059 0.0553 0.1195 0.0983 0.0611 0.0337 0.0164 0.0062 0.0013
   340 0.00100000 0.8216 0.8014 0.0404    0.4928 0.3528 0.4915 0.8888 1.0158 1.0197 1.0073 0.9976 0.9986 0.9950    0.4903 0.3496 0.4646 0.8277 0.9665 0.9890 0.9904 0.9893 0.9954 0.9944    0.0049 0.0065 0.0539 0.1221 0.0987 0.0614 0.0338 0.0166 0.0064 0.0013
   341 0.00100000 0.8264 0.8057 0.0414    0.4964 0.3526 0.4885 0.8887 1.0160 1.0223 1.0055 0.9994 0.9938 0.9925    0.4937 0.3498 0.4613 0.8276 0.9665 0.9918 0.9885 0.9911 0.9906 0.9918    0.0054 0.0055 0.0543 0.1221 0.0989 0.0609 0.0340 0.0166 0.0063 0.0013
   342 0.00100000 0.8261 0.8058 0.0405    0.4901 0.3510 0.4935 0.8790 1.0187 1.0177 1.0113 1.0056 0.9951 0.9915    0.4875 0.3481 0.4663 0.8190 0.9696 0.9872 0.9945 0.9972 0.9919 0.9909    0.0052 0.0057 0.0544 0.1201 0.0982 0.0611 0.0337 0.0167 0.0063 0.0012
   343 0.00100000 0.8223 0.8022 0.0403    0.4895 0.3516 0.4850 0.8873 1.0129 1.0154 1.0046 1.0028 0.9946 0.9945    0.4870 0.3489 0.4582 0.8271 0.9630 0.9848 0.9877 0.9944 0.9915 0.9939    0.0050 0.0054 0.0535 0.1203 0.0998 0.0612 0.0338 0.0169 0.0062 0.0012
   344 0.00100000 0.8238 0.8035 0.0406    0.5000 0.3435 0.4876 0.8932 1.0193 1.0166 1.0054 0.9990 0.9974 0.9957    0.4968 0.3409 0.4607 0.8326 0.9694 0.9860 0.9885 0.9906 0.9942 0.9950    0.0065 0.0052 0.0538 0.1213 0.0998 0.0611 0.0339 0.0168 0.0063 0.0013
   345 0.00100000 0.8242 0.8039 0.0407    0.5012 0.3471 0.4988 0.8900 1.0190 1.0164 1.0101 1.0016 0.9985 0.9945    0.4983 0.3441 0.4711 0.8294 0.9695 0.9858 0.9933 0.9933 0.9954 0.9939    0.0058 0.0060 0.0555 0.1212 0.0991 0.0611 0.0337 0.0166 0.0062 0.0013
   346 0.00100000 0.8265 0.8059 0.0413    0.4863 0.3492 0.4934 0.8815 1.0213 1.0167 1.0096 1.0022 0.9942 0.9957    0.4836 0.3463 0.4661 0.8213 0.9722 0.9858 0.9926 0.9938 0.9910 0.9950    0.0054 0.0058 0.0545 0.1204 0.0982 0.0617 0.0340 0.0168 0.0063 0.0013
   347 0.00100000 0.8279 0.8080 0.0399    0.5001 0.3498 0.4849 0.8893 1.0175 1.0200 1.0076 0.9982 0.9944 0.9952    0.4972 0.3467 0.4592 0.8296 0.9683 0.9893 0.9905 0.9899 0.9913 0.9945    0.0058 0.0064 0.0515 0.1195 0.0983 0.0614 0.0342 0.0166 0.0062 0.0012
   348 0.00100000 0.8259 0.8057 0.0404    0.4923 0.3482 0.4917 0.8865 1.0181 1.0165 1.0101 0.9959 0.9978 0.9923    0.4901 0.3455 0.4649 0.8264 0.9687 0.9859 0.9931 0.9875 0.9946 0.9917    0.0043 0.0054 0.0535 0.1203 0.0987 0.0612 0.0341 0.0169 0.0063 0.0013
   349 0.00100000 0.8244 0.8041 0.0406    0.4983 0.3534 0.4978 0.8871 1.0171 1.0193 1.0109 1.0019 0.9969 0.9942    0.4958 0.3507 0.4699 0.8263 0.9675 0.9890 0.9941 0.9936 0.9937 0.9935    0.0050 0.0054 0.0559 0.1217 0.0991 0.0607 0.0336 0.0166 0.0064 0.0012
   350 0.00100000 0.8324 0.8119 0.0409    0.5002 0.3483 0.4930 0.8805 1.0217 1.0177 1.0056 1.0017 0.9955 0.9935    0.4978 0.3452 0.4655 0.8201 0.9726 0.9870 0.9886 0.9933 0.9923 0.9929    0.0049 0.0061 0.0550 0.1208 0.0982 0.0614 0.0340 0.0168 0.0064 0.0013
   351 0.00100000 0.8242 0.8040 0.0404    0.4932 0.3510 0.4918 0.8887 1.0211 1.0184 1.0104 1.0006 0.9943 0.9945    0.4909 0.3480 0.4649 0.8282 0.9722 0.9879 0.9933 0.9922 0.9912 0.9939    0.0046 0.0060 0.0540 0.1210 0.0977 0.0611 0.0342 0.0167 0.0063 0.0012
   352 0.00100000 0.8215 0.8021 0.0389    0.4898 0.3487 0.4905 0.8835 1.0187 1.0178 1.0121 1.0038 0.9946 0.9902    0.4874 0.3459 0.4635 0.8238 0.9700 0.9874 0.9952 0.9954 0.9914 0.9895    0.0048 0.0055 0.0541 0.1195 0.0973 0.0609 0.0339 0.0168 0.0064 0.0013
   353 0.00100000 0.8322 0.8121 0.0404    0.4821 0.3478 0.4828 0.8878 1.0157 1.0170 1.0076 1.0027 0.9959 0.9938    0.4800 0.3449 0.4568 0.8274 0.9661 0.9866 0.9905 0.9945 0.9927 0.9931    0.0041 0.0059 0.0521 0.1208 0.0992 0.0607 0.0341 0.0165 0.0063 0.0013
   354 0.00100000 0.8287 0.8083 0.0409    0.4942 0.3496 0.4886 0.8834 1.0201 1.0146 1.0084 1.0024 0.9985 0.9949    0.4915 0.3466 0.4617 0.8231 0.9703 0.9842 0.9915 0.9942 0.9954 0.9942    0.0054 0.0060 0.0539 0.1206 0.0996 0.0608 0.0339 0.0162 0.0062 0.0013
   355 0.00100000 0.8291 0.8084 0.0414    0.5025 0.3485 0.4986 0.8786 1.0135 1.0210 1.0095 0.9987 0.9959 1.0002    0.4990 0.3452 0.4707 0.8187 0.9637 0.9906 0.9924 0.9903 0.9928 0.9995    0.0071 0.0065 0.0557 0.1197 0.0996 0.0608 0.0342 0.0168 0.0062 0.0013
   356 0.00100000 0.8313 0.8108 0.0410    0.5021 0.3500 0.4852 0.8855 1.0128 1.0205 1.0053 0.9993 1.0008 0.9985    0.4991 0.3469 0.4592 0.8250 0.9633 0.9900 0.9885 0.9911 0.9976 0.9979    0.0061 0.0062 0.0520 0.1209 0.0989 0.0610 0.0336 0.0165 0.0063 0.0013
   357 0.00100000 0.8250 0.8053 0.0396    0.4924 0.3488 0.4914 0.8832 1.0248 1.0201 1.0075 0.9961 0.9952 0.9906    0.4903 0.3462 0.4643 0.8228 0.9753 0.9897 0.9903 0.9879 0.9920 0.9899    0.0042 0.0053 0.0542 0.1209 0.0990 0.0609 0.0344 0.0165 0.0063 0.0013
   358 0.00100000 0.8305 0.8102 0.0404    0.4934 0.3482 0.4820 0.8871 1.0120 1.0149 1.0085 1.0012 0.9952 0.9975    0.4909 0.3450 0.4564 0.8267 0.9625 0.9844 0.9913 0.9930 0.9921 0.9969    0.0050 0.0064 0.0511 0.1210 0.0990 0.0611 0.0344 0.0165 0.0062 0.0013
   359 0.00100000 0.8264 0.8066 0.0396    0.4899 0.3468 0.4894 0.8844 1.0209 1.0198 1.0105 0.9976 1.0016 0.9951    0.4874 0.3440 0.4623 0.8238 0.9713 0.9893 0.9937 0.9894 0.9985 0.9945    0.0050 0.0056 0.0541 0.1213 0.0991 0.0610 0.0337 0.0165 0.0063 0.0013
   360 0.00100000 0.8261 0.8056 0.0409    0.4920 0.3504 0.4957 0.8817 1.0190 1.0222 1.0099 1.0018 0.9971 0.9939    0.4892 0.3472 0.4679 0.8216 0.9696 0.9916 0.9928 0.9934 0.9939 0.9932    0.0055 0.0063 0.0555 0.1201 0.0988 0.0612 0.0342 0.0168 0.0063 0.0014
   361 0.00100000 0.8258 0.8059 0.0398    0.4916 0.3473 0.4916 0.8889 1.0149 1.0143 1.0106 0.9984 0.9995 0.9961    0.4887 0.3445 0.4644 0.8284 0.9653 0.9840 0.9938 0.9901 0.9965 0.9955    0.0057 0.0056 0.0545 0.1211 0.0993 0.0606 0.0336 0.0166 0.0062 0.0012
   362 0.00100000 0.8198 0.8002 0.0391    0.4867 0.3506 0.4879 0.8868 1.0133 1.0157 1.0088 0.9985 0.9929 0.9919    0.4844 0.3475 0.4611 0.8264 0.9637 0.9853 0.9917 0.9902 0.9898 0.9913    0.0045 0.0062 0.0535 0.1207 0.0991 0.0610 0.0341 0.0167 0.0061 0.0013
   363 0.00100000 0.8261 0.8057 0.0408    0.4983 0.3505 0.4902 0.8779 1.0162 1.0142 1.0110 0.9996 0.9931 0.9962    0.4954 0.3475 0.4629 0.8178 0.9667 0.9839 0.9941 0.9912 0.9900 0.9956    0.0058 0.0060 0.0546 0.1203 0.0989 0.0607 0.0339 0.0168 0.0063 0.0012
   364 0.00100000 0.8269 0.8068 0.0402    0.4924 0.3499 0.4867 0.8841 1.0181 1.0207 1.0086 0.9995 0.9989 0.9938    0.4900 0.3468 0.4603 0.8237 0.9686 0.9903 0.9915 0.9911 0.9958 0.9931    0.0048 0.0063 0.0527 0.1207 0.0990 0.0608 0.0341 0.0167 0.0062 0.0013
   365 0.00100000 0.8243 0.8044 0.0398    0.4892 0.3487 0.4856 0.8948 1.0170 1.0198 1.0097 1.0052 0.9952 0.9938    0.4865 0.3460 0.4592 0.8340 0.9681 0.9892 0.9928 0.9968 0.9922 0.9932    0.0054 0.0054 0.0528 0.1216 0.0979 0.0613 0.0339 0.0167 0.0060 0.0012
   366 0.00100000 0.8198 0.8001 0.0394    0.4929 0.3470 0.4902 0.8881 1.0149 1.0154 1.0065 1.0005 0.9956 0.9913    0.4904 0.3440 0.4635 0.8276 0.9653 0.9849 0.9893 0.9922 0.9925 0.9907    0.0049 0.0060 0.0533 0.1211 0.0992 0.0610 0.0345 0.0166 0.0062 0.0013
   367 0.00100000 0.8220 0.8018 0.0404    0.4875 0.3494 0.4879 0.8843 1.0174 1.0235 1.0011 1.0007 0.9986 0.9922    0.4856 0.3468 0.4610 0.8238 0.9677 0.9930 0.9843 0.9923 0.9955 0.9916    0.0039 0.0051 0.0539 0.1210 0.0993 0.0609 0.0336 0.0167 0.0062 0.0012
   368 0.00100000 0.8217 0.8019 0.0396    0.4912 0.3491 0.4939 0.8827 1.0144 1.0140 1.0097 0.9963 0.9950 0.9954    0.4882 0.3462 0.4664 0.8226 0.9652 0.9838 0.9928 0.9879 0.9919 0.9947    0.0059 0.0058 0.0551 0.1202 0.0985 0.0605 0.0339 0.0167 0.0062 0.0013
   369 0.00100000 0.8266 0.8063 0.0407    0.4903 0.3492 0.4893 0.8818 1.0149 1.0149 1.0098 1.0021 0.9961 0.9952    0.4882 0.3464 0.4621 0.8219 0.9656 0.9846 0.9926 0.9938 0.9929 0.9945    0.0042 0.0056 0.0543 0.1199 0.0987 0.0606 0.0343 0.0166 0.0063 0.0013
   370 0.00100000 0.8298 0.8102 0.0393    0.4883 0.3459 0.4841 0.8811 1.0172 1.0222 1.0082 1.0018 0.9985 0.9947    0.4860 0.3431 0.4574 0.8209 0.9683 0.9917 0.9914 0.9936 0.9953 0.9941    0.0046 0.0057 0.0533 0.1204 0.0978 0.0610 0.0336 0.0165 0.0064 0.0013
   371 0.00100000 0.8278 0.8077 0.0402    0.4953 0.3462 0.4872 0.8839 1.0205 1.0171 1.0070 0.9985 0.9967 0.9956    0.4927 0.3435 0.4604 0.8240 0.9716 0.9867 0.9900 0.9902 0.9936 0.9950    0.0054 0.0055 0.0536 0.1198 0.0978 0.0607 0.0339 0.0164 0.0063 0.0013
   372 0.00100000 0.8317 0.8116 0.0402    0.5001 0.3483 0.5013 0.8839 1.0138 1.0157 1.0100 1.0018 0.9979 0.9932    0.4972 0.3453 0.4730 0.8234 0.9646 0.9849 0.9929 0.9936 0.9948 0.9926    0.0058 0.0059 0.0564 0.1210 0.0984 0.0615 0.0342 0.0164 0.0061 0.0013
   373 0.00100000 0.8222 0.8022 0.0399    0.4941 0.3493 0.4864 0.8819 1.0143 1.0153 1.0054 0.9985 0.9936 0.9942    0.4915 0.3465 0.4598 0.8218 0.9646 0.9851 0.9885 0.9902 0.9905 0.9936    0.0052 0.0055 0.0532 0.1203 0.0994 0.0605 0.0339 0.0167 0.0063 0.0013
   374 0.00100000 0.8194 0.7993 0.0402    0.4933 0.3474 0.4815 0.8780 1.0155 1.0153 1.0087 1.0026 0.9948 0.9926    0.4911 0.3445 0.4547 0.8178 0.9658 0.9849 0.9917 0.9944 0.9917 0.9919    0.0043 0.0057 0.0535 0.1204 0.0995 0.0608 0.0340 0.0164 0.0062 0.0013
   375 0.00100000 0.8178 0.7975 0.0407    0.4906 0.3502 0.4914 0.8840 1.0174 1.0181 1.0085 1.0000 0.9961 0.9934    0.4877 0.3473 0.4640 0.8235 0.9672 0.9879 0.9915 0.9918 0.9930 0.9928    0.0058 0.0058 0.0548 0.1212 0.1004 0.0604 0.0341 0.0165 0.0062 0.0013
   376 0.00100000 0.8202 0.8003 0.0399    0.4948 0.3488 0.4966 0.8815 1.0137 1.0180 1.0075 0.9997 0.9995 0.9924    0.4920 0.3459 0.4687 0.8208 0.9639 0.9878 0.9906 0.9915 0.9965 0.9918    0.0056 0.0057 0.0557 0.1214 0.0995 0.0603 0.0337 0.0164 0.0061 0.0013
   377 0.00100000 0.8233 0.8037 0.0392    0.4826 0.3472 0.4865 0.8887 1.0136 1.0149 1.0085 1.0029 0.9947 0.9924    0.4808 0.3439 0.4599 0.8282 0.9643 0.9842 0.9917 0.9944 0.9916 0.9918    0.0037 0.0065 0.0532 0.1211 0.0987 0.0613 0.0336 0.0170 0.0062 0.0012
   378 0.00100000 0.8216 0.8013 0.0406    0.4868 0.3474 0.4953 0.8836 1.0180 1.0186 1.0082 1.0041 0.9978 0.9929    0.4845 0.3444 0.4675 0.8237 0.9686 0.9880 0.9913 0.9957 0.9947 0.9923    0.0045 0.0061 0.0556 0.1197 0.0989 0.0613 0.0339 0.0169 0.0063 0.0013
   379 0.00100000 0.8311 0.8110 0.0403    0.4901 0.3526 0.4928 0.8872 1.0166 1.0184 1.0111 1.0013 0.9942 0.9966    0.4871 0.3494 0.4652 0.8271 0.9675 0.9879 0.9942 0.9931 0.9911 0.9959    0.0060 0.0063 0.0552 0.1201 0.0983 0.0609 0.0339 0.0165 0.0063 0.0013
   380 0.00100000 0.8223 0.8025 0.0397    0.4910 0.3491 0.4833 0.8883 1.0149 1.0138 1.0057 1.0006 0.9975 0.9991    0.4886 0.3463 0.4566 0.8277 0.9658 0.9834 0.9888 0.9922 0.9943 0.9984    0.0049 0.0056 0.0533 0.1211 0.0982 0.0607 0.0339 0.0167 0.0064 0.0012
   381 0.00100000 0.8257 0.8055 0.0402    0.4921 0.3495 0.4816 0.8834 1.0189 1.0207 1.0088 1.0000 0.9947 0.9936    0.4895 0.3465 0.4555 0.8231 0.9696 0.9900 0.9918 0.9918 0.9916 0.9930    0.0052 0.0059 0.0522 0.1207 0.0985 0.0613 0.0340 0.0165 0.0062 0.0012
   382 0.00100000 0.8202 0.7999 0.0406    0.4865 0.3469 0.4883 0.8812 1.0176 1.0198 1.0067 1.0053 0.9969 0.9922    0.4836 0.3441 0.4617 0.8212 0.9684 0.9889 0.9894 0.9971 0.9938 0.9915    0.0059 0.0055 0.0530 0.1201 0.0983 0.0617 0.0345 0.0165 0.0062 0.0014
   383 0.00100000 0.8315 0.8111 0.0408    0.4899 0.3486 0.4927 0.8846 1.0147 1.0164 1.0114 1.0004 0.9986 0.9959    0.4876 0.3458 0.4657 0.8241 0.9656 0.9863 0.9945 0.9920 0.9954 0.9953    0.0047 0.0057 0.0540 0.1210 0.0983 0.0603 0.0339 0.0167 0.0063 0.0013
   384 0.00100000 0.8299 0.8102 0.0395    0.4885 0.3476 0.4946 0.8825 1.0141 1.0198 1.0082 1.0027 0.9952 0.9963    0.4858 0.3444 0.4675 0.8221 0.9648 0.9893 0.9913 0.9944 0.9921 0.9957    0.0055 0.0063 0.0542 0.1209 0.0986 0.0609 0.0339 0.0165 0.0062 0.0012
   385 0.00100000 0.8257 0.8057 0.0400    0.4895 0.3479 0.4866 0.8899 1.0168 1.0159 1.0115 0.9972 0.9980 0.9931    0.4873 0.3452 0.4599 0.8291 0.9678 0.9852 0.9945 0.9887 0.9949 0.9925    0.0045 0.0054 0.0533 0.1215 0.0980 0.0613 0.0339 0.0170 0.0062 0.0012
   386 0.00100000 0.8267 0.8061 0.0410    0.4902 0.3486 0.4850 0.8814 1.0171 1.0168 1.0093 1.0025 1.0003 0.9923    0.4880 0.3455 0.4588 0.8217 0.9678 0.9861 0.9924 0.9943 0.9973 0.9916    0.0044 0.0061 0.0524 0.1194 0.0986 0.0613 0.0339 0.0164 0.0061 0.0013
   387 0.00100000 0.8245 0.8047 0.0396    0.4983 0.3447 0.4874 0.8899 1.0100 1.0179 1.0081 1.0002 1.0013 0.9923    0.4955 0.3421 0.4605 0.8289 0.9609 0.9876 0.9911 0.9920 0.9981 0.9917    0.0056 0.0052 0.0539 0.1221 0.0983 0.0606 0.0339 0.0165 0.0062 0.0013
   388 0.00100000 0.8261 0.8065 0.0393    0.4900 0.3474 0.4875 0.8734 1.0200 1.0168 1.0076 1.0032 0.9938 0.9960    0.4876 0.3445 0.4616 0.8131 0.9704 0.9862 0.9907 0.9948 0.9906 0.9954    0.0048 0.0058 0.0518 0.1205 0.0993 0.0611 0.0339 0.0167 0.0063 0.0012
   389 0.00100000 0.8232 0.8031 0.0402    0.4900 0.3462 0.4936 0.8840 1.0171 1.0128 1.0083 1.0056 0.9967 0.9938    0.4875 0.3434 0.4657 0.8238 0.9678 0.9823 0.9913 0.9973 0.9936 0.9931    0.0051 0.0056 0.0557 0.1204 0.0987 0.0610 0.0339 0.0165 0.0063 0.0013
   390 0.00100000 0.8227 0.8022 0.0410    0.4833 0.3468 0.4883 0.8988 1.0166 1.0162 1.0047 0.9989 0.9956 0.9906    0.4811 0.3437 0.4616 0.8377 0.9669 0.9857 0.9878 0.9906 0.9925 0.9900    0.0043 0.0062 0.0534 0.1222 0.0992 0.0609 0.0338 0.0166 0.0062 0.0013
   391 0.00100000 0.8256 0.8053 0.0406    0.4973 0.3487 0.4904 0.8864 1.0162 1.0168 1.0105 1.0030 0.9979 0.9976    0.4946 0.3458 0.4639 0.8264 0.9667 0.9864 0.9935 0.9948 0.9948 0.9969    0.0055 0.0059 0.0529 0.1199 0.0989 0.0609 0.0339 0.0165 0.0063 0.0012
   392 0.00100000 0.8261 0.8056 0.0411    0.4998 0.3494 0.4816 0.8814 1.0151 1.0187 1.0140 1.0025 0.9928 0.9955    0.4972 0.3467 0.4554 0.8208 0.9656 0.9887 0.9970 0.9942 0.9896 0.9949    0.0052 0.0054 0.0524 0.1212 0.0991 0.0601 0.0341 0.0167 0.0064 0.0013
   393 0.00100000 0.8301 0.8100 0.0402    0.4946 0.3498 0.4861 0.8812 1.0125 1.0208 1.0055 1.0027 0.9954 0.9960    0.4924 0.3467 0.4597 0.8214 0.9636 0.9903 0.9885 0.9944 0.9922 0.9954    0.0043 0.0062 0.0527 0.1195 0.0977 0.0611 0.0340 0.0167 0.0062 0.0012
   394 0.00100000 0.8339 0.8135 0.0409    0.4965 0.3483 0.4859 0.8882 1.0194 1.0155 1.0090 0.9992 0.9987 0.9907    0.4940 0.3453 0.4593 0.8271 0.9694 0.9849 0.9921 0.9910 0.9956 0.9901    0.0050 0.0060 0.0533 0.1222 0.1000 0.0612 0.0339 0.0165 0.0062 0.0012
   395 0.00100000 0.8251 0.8049 0.0403    0.4905 0.3471 0.4916 0.8756 1.0170 1.0196 1.0099 1.0020 0.9972 0.9947    0.4879 0.3440 0.4638 0.8158 0.9677 0.9893 0.9928 0.9936 0.9941 0.9940    0.0052 0.0063 0.0556 0.1197 0.0987 0.0606 0.0342 0.0167 0.0063 0.0013
   396 0.00100000 0.8261 0.8059 0.0403    0.4903 0.3469 0.4912 0.8845 1.0200 1.0175 1.0058 1.0021 0.9969 0.9909    0.4875 0.3438 0.4640 0.8246 0.9706 0.9873 0.9889 0.9938 0.9938 0.9902    0.0056 0.0061 0.0544 0.1198 0.0988 0.0604 0.0339 0.0166 0.0062 0.0014
   397 0.00100000 0.8182 0.7983 0.0398    0.4983 0.3492 0.4788 0.8731 1.0152 1.0183 1.0063 1.0065 0.9913 0.9913    0.4956 0.3463 0.4533 0.8136 0.9660 0.9878 0.9892 0.9982 0.9882 0.9907    0.0054 0.0060 0.0512 0.1191 0.0985 0.0611 0.0341 0.0167 0.0061 0.0013
   398 0.00100000 0.8225 0.8027 0.0397    0.4974 0.3440 0.4777 0.8772 1.0166 1.0167 1.0077 0.9984 0.9947 0.9920    0.4946 0.3412 0.4523 0.8176 0.9671 0.9861 0.9907 0.9902 0.9915 0.9914    0.0056 0.0055 0.0507 0.1191 0.0989 0.0612 0.0340 0.0165 0.0063 0.0013
   399 0.00100000 0.8216 0.8014 0.0404    0.4928 0.3486 0.4824 0.8803 1.0187 1.0105 1.0087 0.9990 0.9962 0.9958    0.4907 0.3457 0.4568 0.8204 0.9696 0.9802 0.9917 0.9907 0.9931 0.9952    0.0042 0.0058 0.0512 0.1198 0.0983 0.0608 0.0341 0.0165 0.0062 0.0013
   400 0.00100000 0.8236 0.8031 0.0410    0.4892 0.3483 0.4910 0.8791 1.0187 1.0178 1.0090 1.0028 0.9972 0.9975    0.4867 0.3454 0.4638 0.8189 0.9690 0.9875 0.9921 0.9944 0.9940 0.9969    0.0050 0.0056 0.0543 0.1205 0.0994 0.0607 0.0339 0.0168 0.0063 0.0013
   401 0.00100000 0.8212 0.8011 0.0402    0.4975 0.3441 0.4917 0.8854 1.0119 1.0158 1.0096 0.9950 0.9957 0.9947    0.4950 0.3412 0.4644 0.8249 0.9629 0.9856 0.9926 0.9867 0.9926 0.9941    0.0051 0.0058 0.0546 0.1210 0.0980 0.0603 0.0341 0.0167 0.0061 0.0013
   402 0.00100000 0.8296 0.8090 0.0413    0.4842 0.3497 0.4929 0.8774 1.0152 1.0196 1.0135 1.0022 0.9959 0.9990    0.4820 0.3467 0.4654 0.8180 0.9657 0.9894 0.9964 0.9940 0.9929 0.9984    0.0043 0.0060 0.0549 0.1188 0.0990 0.0604 0.0342 0.0165 0.0061 0.0012
   403 0.00100000 0.8263 0.8064 0.0400    0.5012 0.3488 0.4891 0.8920 1.0173 1.0179 1.0061 0.9991 0.9975 0.9986    0.4987 0.3460 0.4631 0.8316 0.9679 0.9873 0.9891 0.9908 0.9944 0.9979    0.0049 0.0056 0.0521 0.1209 0.0989 0.0613 0.0340 0.0166 0.0062 0.0013
   404 0.00100000 0.8231 0.8030 0.0402    0.4971 0.3452 0.4949 0.8767 1.0174 1.0180 1.0068 1.0009 0.9925 0.9964    0.4942 0.3423 0.4677 0.8168 0.9682 0.9875 0.9897 0.9925 0.9894 0.9958    0.0059 0.0058 0.0544 0.1198 0.0984 0.0611 0.0342 0.0168 0.0062 0.0013
   405 0.00100000 0.8213 0.8015 0.0395    0.4884 0.3486 0.4753 0.8767 1.0197 1.0198 1.0081 1.0016 0.9983 0.9977    0.4863 0.3458 0.4492 0.8169 0.9708 0.9896 0.9911 0.9933 0.9952 0.9971    0.0042 0.0055 0.0523 0.1195 0.0978 0.0606 0.0339 0.0166 0.0062 0.0012
   406 0.00100000 0.8172 0.7969 0.0405    0.4995 0.3479 0.4869 0.8863 1.0152 1.0163 1.0072 1.0027 0.9949 0.9924    0.4966 0.3450 0.4602 0.8263 0.9660 0.9862 0.9904 0.9943 0.9918 0.9917    0.0058 0.0058 0.0534 0.1201 0.0984 0.0604 0.0335 0.0168 0.0063 0.0013
   407 0.00100000 0.8253 0.8048 0.0409    0.4841 0.3472 0.5004 0.8778 1.0151 1.0180 1.0072 0.9998 0.9960 0.9903    0.4820 0.3446 0.4722 0.8181 0.9659 0.9872 0.9902 0.9916 0.9928 0.9897    0.0042 0.0052 0.0565 0.1195 0.0984 0.0614 0.0341 0.0163 0.0063 0.0012
   408 0.00100000 0.8309 0.8104 0.0409    0.4964 0.3503 0.4995 0.8863 1.0173 1.0101 1.0052 1.0027 0.9951 0.9943    0.4939 0.3473 0.4720 0.8259 0.9678 0.9803 0.9883 0.9946 0.9920 0.9937    0.0051 0.0059 0.0550 0.1207 0.0990 0.0596 0.0338 0.0162 0.0062 0.0013
   409 0.00100000 0.8249 0.8044 0.0410    0.4894 0.3503 0.4853 0.8932 1.0178 1.0194 1.0086 1.0006 1.0014 0.9977    0.4870 0.3471 0.4590 0.8322 0.9685 0.9890 0.9918 0.9923 0.9983 0.9970    0.0049 0.0065 0.0527 0.1219 0.0987 0.0609 0.0335 0.0167 0.0062 0.0013
   410 0.00100000 0.8264 0.8063 0.0401    0.4973 0.3463 0.4897 0.8869 1.0173 1.0168 1.0111 0.9971 1.0038 0.9949    0.4949 0.3437 0.4631 0.8270 0.9683 0.9866 0.9941 0.9889 1.0007 0.9943    0.0048 0.0053 0.0532 0.1198 0.0980 0.0603 0.0340 0.0164 0.0063 0.0013
   411 0.00100000 0.8230 0.8022 0.0416    0.4966 0.3492 0.4816 0.8790 1.0184 1.0186 1.0102 1.0003 0.9964 0.9950    0.4939 0.3461 0.4555 0.8186 0.9689 0.9883 0.9935 0.9919 0.9934 0.9943    0.0052 0.0063 0.0521 0.1206 0.0990 0.0607 0.0335 0.0167 0.0061 0.0013
   412 0.00100000 0.8239 0.8037 0.0403    0.4906 0.3505 0.4940 0.8739 1.0168 1.0215 1.0071 1.0031 0.9959 0.9942    0.4883 0.3473 0.4665 0.8139 0.9675 0.9911 0.9900 0.9948 0.9928 0.9935    0.0046 0.0064 0.0551 0.1200 0.0987 0.0608 0.0341 0.0165 0.0063 0.0013
   413 0.00100000 0.8315 0.8109 0.0411    0.4936 0.3443 0.4935 0.8861 1.0181 1.0161 1.0090 1.0023 0.9968 0.9958    0.4912 0.3412 0.4663 0.8253 0.9683 0.9855 0.9919 0.9940 0.9937 0.9951    0.0048 0.0062 0.0544 0.1216 0.0995 0.0611 0.0342 0.0167 0.0062 0.0013
   414 0.00100000 0.8237 0.8039 0.0396    0.4824 0.3498 0.4875 0.8750 1.0176 1.0151 1.0074 1.0030 0.9977 0.9953    0.4804 0.3473 0.4614 0.8154 0.9681 0.9845 0.9904 0.9946 0.9946 0.9947    0.0040 0.0049 0.0522 0.1191 0.0990 0.0610 0.0340 0.0167 0.0062 0.0012
   415 0.00100000 0.8253 0.8046 0.0413    0.5033 0.3485 0.4840 0.8766 1.0133 1.0145 1.0068 1.0058 0.9972 0.9946    0.5003 0.3453 0.4574 0.8173 0.9641 0.9837 0.9900 0.9976 0.9942 0.9939    0.0060 0.0064 0.0531 0.1188 0.0984 0.0615 0.0335 0.0164 0.0061 0.0013
   416 0.00100000 0.8207 0.8007 0.0400    0.5010 0.3457 0.4791 0.8787 1.0167 1.0146 1.0088 0.9999 0.9963 0.9974    0.4979 0.3429 0.4537 0.8186 0.9672 0.9842 0.9918 0.9915 0.9931 0.9968    0.0062 0.0057 0.0509 0.1202 0.0989 0.0609 0.0340 0.0166 0.0064 0.0012
   417 0.00100000 0.8195 0.7995 0.0400    0.4849 0.3445 0.4859 0.8864 1.0174 1.0162 1.0086 1.0017 0.9949 0.9929    0.4827 0.3416 0.4593 0.8259 0.9680 0.9859 0.9915 0.9934 0.9918 0.9923    0.0045 0.0058 0.0533 0.1210 0.0987 0.0606 0.0341 0.0166 0.0061 0.0013
   418 0.00100000 0.8243 0.8047 0.0391    0.4867 0.3504 0.4878 0.8846 1.0151 1.0147 1.0127 1.0011 0.9938 0.9943    0.4842 0.3475 0.4610 0.8245 0.9658 0.9844 0.9956 0.9928 0.9907 0.9937    0.0049 0.0057 0.0535 0.1203 0.0986 0.0606 0.0342 0.0167 0.0061 0.0012
   419 0.00100000 0.8262 0.8063 0.0398    0.4963 0.3502 0.4862 0.8852 1.0139 1.0165 1.0108 1.0012 0.9973 0.9966    0.4940 0.3473 0.4596 0.8250 0.9648 0.9862 0.9942 0.9930 0.9941 0.9959    0.0046 0.0059 0.0532 0.1204 0.0983 0.0606 0.0333 0.0164 0.0064 0.0012
   420 0.00100000 0.8264 0.8062 0.0404    0.4958 0.3451 0.4865 0.8780 1.0186 1.0167 1.0081 1.0011 0.9952 0.9931    0.4930 0.3422 0.4591 0.8183 0.9691 0.9863 0.9911 0.9928 0.9921 0.9925    0.0055 0.0059 0.0548 0.1193 0.0991 0.0608 0.0340 0.0165 0.0062 0.0012
   421 0.00100000 0.8309 0.8105 0.0407    0.4995 0.3464 0.4890 0.8819 1.0165 1.0180 1.0109 0.9989 0.9950 0.9926    0.4969 0.3436 0.4625 0.8216 0.9672 0.9873 0.9938 0.9906 0.9919 0.9920    0.0051 0.0055 0.0531 0.1206 0.0987 0.0613 0.0342 0.0166 0.0062 0.0013
   422 0.00100000 0.8253 0.8053 0.0401    0.4979 0.3467 0.4920 0.8915 1.0197 1.0198 1.0089 1.0004 0.9974 0.9969    0.4953 0.3439 0.4653 0.8312 0.9705 0.9896 0.9921 0.9921 0.9943 0.9963    0.0053 0.0055 0.0535 0.1207 0.0984 0.0603 0.0336 0.0167 0.0063 0.0013
   423 0.00100000 0.8243 0.8042 0.0401    0.5014 0.3457 0.4873 0.8827 1.0161 1.0201 1.0086 1.0010 0.9912 0.9941    0.4988 0.3428 0.4604 0.8227 0.9664 0.9898 0.9917 0.9928 0.9881 0.9935    0.0051 0.0057 0.0538 0.1200 0.0994 0.0606 0.0338 0.0162 0.0062 0.0013
   424 0.00100000 0.8257 0.8061 0.0393    0.4861 0.3476 0.4876 0.8927 1.0136 1.0165 1.0020 1.0000 0.9964 0.9984    0.4839 0.3448 0.4613 0.8321 0.9642 0.9862 0.9851 0.9918 0.9933 0.9978    0.0044 0.0057 0.0526 0.1213 0.0989 0.0605 0.0338 0.0165 0.0062 0.0013
   425 0.00100000 0.8236 0.8033 0.0406    0.4886 0.3483 0.4904 0.8898 1.0155 1.0157 1.0036 0.9983 0.9953 0.9984    0.4862 0.3459 0.4634 0.8295 0.9663 0.9853 0.9865 0.9899 0.9922 0.9978    0.0047 0.0048 0.0540 0.1205 0.0983 0.0608 0.0342 0.0169 0.0063 0.0012
   426 0.00100000 0.8281 0.8077 0.0408    0.4984 0.3487 0.4858 0.8815 1.0186 1.0184 1.0083 1.0013 0.9998 0.9924    0.4953 0.3460 0.4591 0.8211 0.9691 0.9874 0.9912 0.9931 0.9967 0.9918    0.0064 0.0055 0.0534 0.1208 0.0990 0.0618 0.0341 0.0165 0.0063 0.0013
   427 0.00100000 0.8254 0.8052 0.0402    0.4937 0.3434 0.4930 0.8908 1.0190 1.0198 1.0096 0.9989 0.9970 0.9938    0.4913 0.3403 0.4661 0.8300 0.9693 0.9896 0.9926 0.9905 0.9939 0.9932    0.0048 0.0061 0.0539 0.1215 0.0993 0.0604 0.0340 0.0168 0.0062 0.0012
   428 0.00100000 0.8219 0.8018 0.0402    0.4848 0.3487 0.4917 0.8816 1.0130 1.0165 1.0065 0.9993 0.9939 0.9943    0.4825 0.3459 0.4650 0.8210 0.9638 0.9865 0.9895 0.9911 0.9908 0.9936    0.0047 0.0056 0.0533 0.1212 0.0984 0.0600 0.0340 0.0165 0.0062 0.0013
   429 0.00100000 0.8286 0.8085 0.0402    0.4847 0.3496 0.4774 0.8815 1.0170 1.0178 1.0085 1.0007 0.9952 0.9972    0.4828 0.3468 0.4515 0.8213 0.9679 0.9875 0.9914 0.9923 0.9921 0.9966    0.0039 0.0055 0.0516 0.1205 0.0982 0.0606 0.0342 0.0169 0.0061 0.0012
   430 0.00100000 0.8229 0.8029 0.0401    0.4938 0.3476 0.4875 0.8859 1.0231 1.0149 1.0068 1.0041 0.9994 0.9924    0.4911 0.3449 0.4604 0.8257 0.9742 0.9842 0.9898 0.9958 0.9962 0.9918    0.0054 0.0054 0.0543 0.1205 0.0978 0.0614 0.0340 0.0165 0.0064 0.0014
   431 0.00100000 0.8207 0.8006 0.0401    0.4870 0.3485 0.4901 0.8840 1.0166 1.0208 1.0051 1.0028 0.9973 0.9933    0.4847 0.3459 0.4634 0.8233 0.9670 0.9900 0.9881 0.9946 0.9941 0.9927    0.0047 0.0052 0.0534 0.1213 0.0993 0.0617 0.0339 0.0165 0.0063 0.0012
   432 0.00100000 0.8205 0.8005 0.0402    0.4801 0.3435 0.4840 0.8745 1.0189 1.0173 1.0054 1.0034 0.9981 0.9963    0.4781 0.3410 0.4579 0.8148 0.9696 0.9870 0.9883 0.9952 0.9950 0.9956    0.0038 0.0052 0.0522 0.1194 0.0986 0.0605 0.0342 0.0165 0.0062 0.0013
   433 0.00100000 0.8300 0.8100 0.0400    0.4954 0.3467 0.4886 0.8840 1.0187 1.0193 1.0123 1.0008 0.9966 0.9944    0.4925 0.3440 0.4621 0.8236 0.9694 0.9887 0.9950 0.9926 0.9935 0.9937    0.0056 0.0052 0.0531 0.1209 0.0985 0.0611 0.0345 0.0163 0.0060 0.0013
   434 0.00100000 0.8238 0.8040 0.0396    0.4893 0.3496 0.4961 0.8773 1.0186 1.0189 1.0057 1.0010 0.9967 0.9973    0.4861 0.3467 0.4678 0.8174 0.9691 0.9881 0.9889 0.9928 0.9936 0.9966    0.0064 0.0058 0.0566 0.1199 0.0989 0.0615 0.0337 0.0164 0.0063 0.0014
   435 0.00100000 0.8213 0.8014 0.0398    0.4926 0.3476 0.4871 0.8827 1.0145 1.0158 1.0036 1.0019 0.9965 0.9975    0.4904 0.3446 0.4609 0.8227 0.9656 0.9855 0.9864 0.9936 0.9933 0.9969    0.0045 0.0061 0.0524 0.1199 0.0977 0.0605 0.0343 0.0167 0.0063 0.0013
   436 0.00100000 0.8245 0.8046 0.0397    0.4947 0.3506 0.4844 0.8856 1.0174 1.0198 1.0051 1.0000 0.9962 0.9964    0.4923 0.3475 0.4583 0.8259 0.9682 0.9896 0.9881 0.9917 0.9930 0.9957    0.0048 0.0062 0.0521 0.1194 0.0983 0.0605 0.0339 0.0167 0.0063 0.0013
   437 0.00100000 0.8270 0.8070 0.0398    0.4890 0.3451 0.4870 0.8855 1.0176 1.0165 1.0103 1.0015 0.9940 0.9970    0.4867 0.3424 0.4602 0.8260 0.9681 0.9858 0.9933 0.9931 0.9909 0.9963    0.0046 0.0053 0.0536 0.1190 0.0990 0.0614 0.0341 0.0167 0.0062 0.0013
   438 0.00100000 0.8268 0.8066 0.0404    0.5006 0.3475 0.4929 0.8865 1.0177 1.0129 1.0085 1.0025 0.9963 0.9927    0.4978 0.3447 0.4651 0.8262 0.9686 0.9823 0.9918 0.9943 0.9932 0.9921    0.0056 0.0058 0.0556 0.1207 0.0982 0.0610 0.0334 0.0164 0.0062 0.0013
   439 0.00100000 0.8267 0.8066 0.0403    0.4944 0.3467 0.4927 0.8753 1.0168 1.0172 1.0137 1.0027 0.9964 0.9924    0.4920 0.3437 0.4654 0.8153 0.9673 0.9869 0.9968 0.9944 0.9932 0.9917    0.0047 0.0061 0.0546 0.1201 0.0989 0.0604 0.0339 0.0165 0.0063 0.0013
   440 0.00100000 0.8175 0.7975 0.0399    0.4920 0.3470 0.4791 0.8893 1.0142 1.0188 1.0096 1.0019 0.9958 0.9929    0.4897 0.3442 0.4530 0.8294 0.9646 0.9882 0.9928 0.9936 0.9926 0.9923    0.0045 0.0057 0.0523 0.1197 0.0992 0.0611 0.0336 0.0167 0.0064 0.0013
